[{"model": "contenttypes.contenttype", "pk": 1, "fields": {"app_label": "admin", "model": "logentry"}}, {"model": "contenttypes.contenttype", "pk": 2, "fields": {"app_label": "auth", "model": "permission"}}, {"model": "contenttypes.contenttype", "pk": 3, "fields": {"app_label": "auth", "model": "group"}}, {"model": "contenttypes.contenttype", "pk": 4, "fields": {"app_label": "auth", "model": "user"}}, {"model": "contenttypes.contenttype", "pk": 5, "fields": {"app_label": "contenttypes", "model": "contenttype"}}, {"model": "contenttypes.contenttype", "pk": 6, "fields": {"app_label": "sessions", "model": "session"}}, {"model": "contenttypes.contenttype", "pk": 7, "fields": {"app_label": "article", "model": "article"}}, {"model": "contenttypes.contenttype", "pk": 8, "fields": {"app_label": "blog", "model": "blog"}}, {"model": "contenttypes.contenttype", "pk": 9, "fields": {"app_label": "blog", "model": "blogtype"}}, {"model": "contenttypes.contenttype", "pk": 10, "fields": {"app_label": "blog", "model": "readnum"}}, {"model": "contenttypes.contenttype", "pk": 11, "fields": {"app_label": "read_statistics", "model": "readnum"}}, {"model": "contenttypes.contenttype", "pk": 12, "fields": {"app_label": "read_statistics", "model": "readdetail"}}, {"model": "contenttypes.contenttype", "pk": 13, "fields": {"app_label": "comment", "model": "comment"}}, {"model": "contenttypes.contenttype", "pk": 14, "fields": {"app_label": "likes", "model": "likerecord"}}, {"model": "contenttypes.contenttype", "pk": 15, "fields": {"app_label": "likes", "model": "likecount"}}, {"model": "contenttypes.contenttype", "pk": 16, "fields": {"app_label": "user", "model": "profile"}}, {"model": "contenttypes.contenttype", "pk": 17, "fields": {"app_label": "oauth", "model": "oauth_ex"}}, {"model": "contenttypes.contenttype", "pk": 18, "fields": {"app_label": "oauth", "model": "oauth_type"}}, {"model": "sessions.session", "pk": "5uouhrqomn0jrjqazg5c86jlsxawkzj8", "fields": {"session_data": "OGMwNzhmNDljMGRhNDNiY2RhMmJlYTM5NjM2M2YzNzRkOGExMjFhYzp7Il9hdXRoX3VzZXJfaWQiOiIxIiwiX2F1dGhfdXNlcl9iYWNrZW5kIjoiZGphbmdvLmNvbnRyaWIuYXV0aC5iYWNrZW5kcy5Nb2RlbEJhY2tlbmQiLCJfYXV0aF91c2VyX2hhc2giOiI0MjUwNWMwNmMxMTY0MGNiOWQyOTdiNGVjODQzZGUzNzQ2MzdlZTI1In0=", "expire_date": "2019-01-11T17:09:19.589"}}, {"model": "sessions.session", "pk": "6nrk1t5c1df70n26ptwotduyj9s7brzv", "fields": {"session_data": "OGMwNzhmNDljMGRhNDNiY2RhMmJlYTM5NjM2M2YzNzRkOGExMjFhYzp7Il9hdXRoX3VzZXJfaWQiOiIxIiwiX2F1dGhfdXNlcl9iYWNrZW5kIjoiZGphbmdvLmNvbnRyaWIuYXV0aC5iYWNrZW5kcy5Nb2RlbEJhY2tlbmQiLCJfYXV0aF91c2VyX2hhc2giOiI0MjUwNWMwNmMxMTY0MGNiOWQyOTdiNGVjODQzZGUzNzQ2MzdlZTI1In0=", "expire_date": "2019-01-16T19:23:05.418"}}, {"model": "sessions.session", "pk": "fex1ihqdiep6x5ub36bzrw0z1wu32paw", "fields": {"session_data": "OGRjNmZjOGEyZTUwMzgzNjhlNzY1NjU4MzAwM2UyYzg3N2ZmM2YwMjp7fQ==", "expire_date": "2019-01-22T21:13:59.556"}}, {"model": "sessions.session", "pk": "otkliqnd8h155y9ujliyqkp892ayo2ag", "fields": {"session_data": "OGRjNmZjOGEyZTUwMzgzNjhlNzY1NjU4MzAwM2UyYzg3N2ZmM2YwMjp7fQ==", "expire_date": "2019-01-22T21:14:45.612"}}, {"model": "sessions.session", "pk": "ydrvxq6sg70ml1onv8fygpj7atehqxhc", "fields": {"session_data": "ZDMyMjQyYzA5NTI1MDk5YmJjNjc4MWNlM2RmYTA1ZDdmMzk2Y2QzYzp7InNlbmRfY29kZV90aW1lIjoxNTQ1OTY2Nzc4LCJfYXV0aF91c2VyX2lkIjoiMSIsIl9hdXRoX3VzZXJfYmFja2VuZCI6ImRqYW5nby5jb250cmliLmF1dGguYmFja2VuZHMuTW9kZWxCYWNrZW5kIiwiX2F1dGhfdXNlcl9oYXNoIjoiNDI1MDVjMDZjMTE2NDBjYjlkMjk3YjRlYzg0M2RlMzc0NjM3ZWUyNSJ9", "expire_date": "2019-01-11T03:13:26.779"}}, {"model": "blog.blogtype", "pk": 1, "fields": {"type_name": "Django"}}, {"model": "blog.blogtype", "pk": 2, "fields": {"type_name": "\u968f\u7b14"}}, {"model": "blog.blogtype", "pk": 3, "fields": {"type_name": "\u611f\u609f"}}, {"model": "read_statistics.readnum", "pk": 1, "fields": {"read_num": 63, "content_type": 8, "object_id": 58}}, {"model": "read_statistics.readnum", "pk": 2, "fields": {"read_num": 4, "content_type": 8, "object_id": 48}}, {"model": "read_statistics.readnum", "pk": 3, "fields": {"read_num": 71, "content_type": 8, "object_id": 57}}, {"model": "read_statistics.readnum", "pk": 4, "fields": {"read_num": 33, "content_type": 8, "object_id": 56}}, {"model": "read_statistics.readnum", "pk": 5, "fields": {"read_num": 4, "content_type": 8, "object_id": 20}}, {"model": "read_statistics.readnum", "pk": 6, "fields": {"read_num": 13, "content_type": 8, "object_id": 55}}, {"model": "read_statistics.readnum", "pk": 7, "fields": {"read_num": 2, "content_type": 8, "object_id": 54}}, {"model": "read_statistics.readnum", "pk": 8, "fields": {"read_num": 2, "content_type": 8, "object_id": 19}}, {"model": "read_statistics.readnum", "pk": 9, "fields": {"read_num": 2, "content_type": 8, "object_id": 18}}, {"model": "read_statistics.readnum", "pk": 10, "fields": {"read_num": 2, "content_type": 8, "object_id": 17}}, {"model": "read_statistics.readnum", "pk": 11, "fields": {"read_num": 3, "content_type": 8, "object_id": 50}}, {"model": "read_statistics.readnum", "pk": 12, "fields": {"read_num": 3, "content_type": 8, "object_id": 49}}, {"model": "read_statistics.readnum", "pk": 13, "fields": {"read_num": 7, "content_type": 8, "object_id": 47}}, {"model": "read_statistics.readnum", "pk": 14, "fields": {"read_num": 1, "content_type": 8, "object_id": 16}}, {"model": "read_statistics.readnum", "pk": 15, "fields": {"read_num": 1, "content_type": 8, "object_id": 15}}, {"model": "read_statistics.readnum", "pk": 16, "fields": {"read_num": 1, "content_type": 8, "object_id": 14}}, {"model": "read_statistics.readnum", "pk": 17, "fields": {"read_num": 1, "content_type": 8, "object_id": 13}}, {"model": "read_statistics.readnum", "pk": 18, "fields": {"read_num": 1, "content_type": 8, "object_id": 5}}, {"model": "read_statistics.readnum", "pk": 19, "fields": {"read_num": 2, "content_type": 8, "object_id": 4}}, {"model": "read_statistics.readnum", "pk": 20, "fields": {"read_num": 7, "content_type": 8, "object_id": 3}}, {"model": "read_statistics.readnum", "pk": 21, "fields": {"read_num": 1, "content_type": 8, "object_id": 7}}, {"model": "read_statistics.readnum", "pk": 22, "fields": {"read_num": 2, "content_type": 8, "object_id": 46}}, {"model": "read_statistics.readnum", "pk": 23, "fields": {"read_num": 4, "content_type": 8, "object_id": 45}}, {"model": "read_statistics.readnum", "pk": 24, "fields": {"read_num": 27, "content_type": 8, "object_id": 44}}, {"model": "read_statistics.readnum", "pk": 25, "fields": {"read_num": 1, "content_type": 8, "object_id": 43}}, {"model": "read_statistics.readnum", "pk": 26, "fields": {"read_num": 1, "content_type": 8, "object_id": 42}}, {"model": "read_statistics.readnum", "pk": 27, "fields": {"read_num": 1, "content_type": 8, "object_id": 41}}, {"model": "read_statistics.readnum", "pk": 28, "fields": {"read_num": 19, "content_type": 8, "object_id": 38}}, {"model": "read_statistics.readnum", "pk": 29, "fields": {"read_num": 2, "content_type": 8, "object_id": 37}}, {"model": "read_statistics.readnum", "pk": 30, "fields": {"read_num": 25, "content_type": 8, "object_id": 59}}, {"model": "read_statistics.readnum", "pk": 31, "fields": {"read_num": 1, "content_type": 8, "object_id": 53}}, {"model": "read_statistics.readnum", "pk": 32, "fields": {"read_num": 4, "content_type": 8, "object_id": 60}}, {"model": "read_statistics.readdetail", "pk": 21, "fields": {"date": "2018-12-21", "read_num": 1, "content_type": 8, "object_id": 3}}, {"model": "read_statistics.readdetail", "pk": 56, "fields": {"date": "2019-01-02", "read_num": 11, "content_type": 8, "object_id": 59}}, {"model": "read_statistics.readdetail", "pk": 58, "fields": {"date": "2019-01-02", "read_num": 3, "content_type": 8, "object_id": 3}}, {"model": "read_statistics.readdetail", "pk": 59, "fields": {"date": "2019-01-02", "read_num": 2, "content_type": 8, "object_id": 60}}, {"model": "read_statistics.readdetail", "pk": 60, "fields": {"date": "2019-01-03", "read_num": 2, "content_type": 8, "object_id": 60}}, {"model": "read_statistics.readdetail", "pk": 61, "fields": {"date": "2019-01-03", "read_num": 2, "content_type": 8, "object_id": 3}}, {"model": "read_statistics.readdetail", "pk": 62, "fields": {"date": "2019-01-07", "read_num": 1, "content_type": 8, "object_id": 3}}, {"model": "read_statistics.readdetail", "pk": 63, "fields": {"date": "2019-01-07", "read_num": 8, "content_type": 8, "object_id": 59}}, {"model": "read_statistics.readdetail", "pk": 64, "fields": {"date": "2019-01-08", "read_num": 6, "content_type": 8, "object_id": 59}}, {"model": "likes.likecount", "pk": 27, "fields": {"content_type": 8, "object_id": 56, "liked_num": 1}}, {"model": "likes.likecount", "pk": 28, "fields": {"content_type": 8, "object_id": 57, "liked_num": 1}}, {"model": "likes.likecount", "pk": 29, "fields": {"content_type": 8, "object_id": 58, "liked_num": 1}}, {"model": "likes.likecount", "pk": 30, "fields": {"content_type": 13, "object_id": 67, "liked_num": 1}}, {"model": "likes.likecount", "pk": 31, "fields": {"content_type": 13, "object_id": 66, "liked_num": 1}}, {"model": "likes.likecount", "pk": 32, "fields": {"content_type": 13, "object_id": 63, "liked_num": 0}}, {"model": "likes.likecount", "pk": 33, "fields": {"content_type": 13, "object_id": 64, "liked_num": 1}}, {"model": "likes.likecount", "pk": 34, "fields": {"content_type": 13, "object_id": 62, "liked_num": 1}}, {"model": "likes.likecount", "pk": 35, "fields": {"content_type": 13, "object_id": 61, "liked_num": 0}}, {"model": "likes.likecount", "pk": 36, "fields": {"content_type": 13, "object_id": 28, "liked_num": 0}}, {"model": "likes.likecount", "pk": 37, "fields": {"content_type": 13, "object_id": 55, "liked_num": 0}}, {"model": "likes.likecount", "pk": 38, "fields": {"content_type": 13, "object_id": 27, "liked_num": 1}}, {"model": "likes.likecount", "pk": 39, "fields": {"content_type": 13, "object_id": 26, "liked_num": 1}}, {"model": "likes.likecount", "pk": 40, "fields": {"content_type": 13, "object_id": 65, "liked_num": 0}}, {"model": "likes.likecount", "pk": 41, "fields": {"content_type": 13, "object_id": 25, "liked_num": 1}}, {"model": "likes.likecount", "pk": 42, "fields": {"content_type": 13, "object_id": 24, "liked_num": 0}}, {"model": "likes.likecount", "pk": 43, "fields": {"content_type": 13, "object_id": 23, "liked_num": 0}}, {"model": "likes.likecount", "pk": 44, "fields": {"content_type": 13, "object_id": 22, "liked_num": 0}}, {"model": "likes.likecount", "pk": 45, "fields": {"content_type": 13, "object_id": 21, "liked_num": 0}}, {"model": "likes.likecount", "pk": 46, "fields": {"content_type": 13, "object_id": 20, "liked_num": 0}}, {"model": "likes.likecount", "pk": 47, "fields": {"content_type": 13, "object_id": 19, "liked_num": 0}}, {"model": "likes.likecount", "pk": 48, "fields": {"content_type": 13, "object_id": 18, "liked_num": 0}}, {"model": "likes.likecount", "pk": 49, "fields": {"content_type": 13, "object_id": 16, "liked_num": 0}}, {"model": "likes.likecount", "pk": 50, "fields": {"content_type": 13, "object_id": 15, "liked_num": 0}}, {"model": "likes.likecount", "pk": 51, "fields": {"content_type": 13, "object_id": 14, "liked_num": 0}}, {"model": "likes.likecount", "pk": 52, "fields": {"content_type": 8, "object_id": 55, "liked_num": 0}}, {"model": "likes.likecount", "pk": 53, "fields": {"content_type": 8, "object_id": 54, "liked_num": 0}}, {"model": "likes.likecount", "pk": 54, "fields": {"content_type": 8, "object_id": 53, "liked_num": 0}}, {"model": "likes.likecount", "pk": 55, "fields": {"content_type": 8, "object_id": 52, "liked_num": 0}}, {"model": "likes.likecount", "pk": 56, "fields": {"content_type": 8, "object_id": 51, "liked_num": 0}}, {"model": "likes.likecount", "pk": 57, "fields": {"content_type": 8, "object_id": 50, "liked_num": 0}}, {"model": "likes.likecount", "pk": 58, "fields": {"content_type": 8, "object_id": 49, "liked_num": 0}}, {"model": "likes.likecount", "pk": 59, "fields": {"content_type": 13, "object_id": 75, "liked_num": 1}}, {"model": "likes.likecount", "pk": 60, "fields": {"content_type": 13, "object_id": 86, "liked_num": 0}}, {"model": "likes.likecount", "pk": 61, "fields": {"content_type": 13, "object_id": 88, "liked_num": 1}}, {"model": "likes.likecount", "pk": 62, "fields": {"content_type": 13, "object_id": 87, "liked_num": 0}}, {"model": "likes.likecount", "pk": 63, "fields": {"content_type": 13, "object_id": 89, "liked_num": 1}}, {"model": "likes.likecount", "pk": 64, "fields": {"content_type": 8, "object_id": 44, "liked_num": 0}}, {"model": "likes.likecount", "pk": 65, "fields": {"content_type": 13, "object_id": 12, "liked_num": 1}}, {"model": "likes.likecount", "pk": 66, "fields": {"content_type": 13, "object_id": 10, "liked_num": 1}}, {"model": "likes.likecount", "pk": 67, "fields": {"content_type": 13, "object_id": 9, "liked_num": 1}}, {"model": "likes.likecount", "pk": 68, "fields": {"content_type": 13, "object_id": 85, "liked_num": 0}}, {"model": "likes.likecount", "pk": 69, "fields": {"content_type": 13, "object_id": 83, "liked_num": 0}}, {"model": "likes.likecount", "pk": 70, "fields": {"content_type": 13, "object_id": 84, "liked_num": 0}}, {"model": "likes.likecount", "pk": 71, "fields": {"content_type": 13, "object_id": 80, "liked_num": 0}}, {"model": "likes.likecount", "pk": 72, "fields": {"content_type": 13, "object_id": 81, "liked_num": 0}}, {"model": "likes.likecount", "pk": 73, "fields": {"content_type": 13, "object_id": 82, "liked_num": 0}}, {"model": "likes.likecount", "pk": 74, "fields": {"content_type": 13, "object_id": 78, "liked_num": 0}}, {"model": "likes.likecount", "pk": 75, "fields": {"content_type": 13, "object_id": 79, "liked_num": 0}}, {"model": "likes.likecount", "pk": 76, "fields": {"content_type": 13, "object_id": 77, "liked_num": 0}}, {"model": "likes.likecount", "pk": 77, "fields": {"content_type": 13, "object_id": 76, "liked_num": 0}}, {"model": "likes.likecount", "pk": 78, "fields": {"content_type": 13, "object_id": 74, "liked_num": 0}}, {"model": "likes.likecount", "pk": 79, "fields": {"content_type": 13, "object_id": 39, "liked_num": 0}}, {"model": "likes.likecount", "pk": 80, "fields": {"content_type": 13, "object_id": 71, "liked_num": 0}}, {"model": "likes.likecount", "pk": 81, "fields": {"content_type": 13, "object_id": 72, "liked_num": 0}}, {"model": "likes.likecount", "pk": 82, "fields": {"content_type": 13, "object_id": 38, "liked_num": 0}}, {"model": "likes.likecount", "pk": 83, "fields": {"content_type": 13, "object_id": 73, "liked_num": 0}}, {"model": "likes.likecount", "pk": 84, "fields": {"content_type": 13, "object_id": 37, "liked_num": 0}}, {"model": "likes.likecount", "pk": 85, "fields": {"content_type": 13, "object_id": 36, "liked_num": 0}}, {"model": "likes.likecount", "pk": 86, "fields": {"content_type": 13, "object_id": 35, "liked_num": 0}}, {"model": "likes.likecount", "pk": 87, "fields": {"content_type": 13, "object_id": 34, "liked_num": 0}}, {"model": "likes.likecount", "pk": 88, "fields": {"content_type": 13, "object_id": 33, "liked_num": 0}}, {"model": "likes.likecount", "pk": 89, "fields": {"content_type": 13, "object_id": 32, "liked_num": 0}}, {"model": "likes.likecount", "pk": 90, "fields": {"content_type": 13, "object_id": 31, "liked_num": 0}}, {"model": "likes.likecount", "pk": 91, "fields": {"content_type": 13, "object_id": 30, "liked_num": 0}}, {"model": "likes.likecount", "pk": 92, "fields": {"content_type": 13, "object_id": 29, "liked_num": 0}}, {"model": "likes.likecount", "pk": 93, "fields": {"content_type": 13, "object_id": 1, "liked_num": 0}}, {"model": "likes.likecount", "pk": 94, "fields": {"content_type": 13, "object_id": 93, "liked_num": 0}}, {"model": "likes.likecount", "pk": 95, "fields": {"content_type": 13, "object_id": 90, "liked_num": 0}}, {"model": "likes.likecount", "pk": 96, "fields": {"content_type": 13, "object_id": 91, "liked_num": 0}}, {"model": "likes.likecount", "pk": 97, "fields": {"content_type": 13, "object_id": 92, "liked_num": 0}}, {"model": "likes.likecount", "pk": 98, "fields": {"content_type": 13, "object_id": 97, "liked_num": 0}}, {"model": "likes.likecount", "pk": 99, "fields": {"content_type": 13, "object_id": 95, "liked_num": 0}}, {"model": "likes.likecount", "pk": 100, "fields": {"content_type": 13, "object_id": 94, "liked_num": 0}}, {"model": "likes.likecount", "pk": 101, "fields": {"content_type": 13, "object_id": 96, "liked_num": 0}}, {"model": "likes.likecount", "pk": 102, "fields": {"content_type": 13, "object_id": 100, "liked_num": 0}}, {"model": "likes.likecount", "pk": 103, "fields": {"content_type": 13, "object_id": 101, "liked_num": 0}}, {"model": "likes.likecount", "pk": 104, "fields": {"content_type": 13, "object_id": 98, "liked_num": 0}}, {"model": "likes.likecount", "pk": 105, "fields": {"content_type": 13, "object_id": 99, "liked_num": 0}}, {"model": "likes.likecount", "pk": 106, "fields": {"content_type": 13, "object_id": 103, "liked_num": 0}}, {"model": "likes.likecount", "pk": 107, "fields": {"content_type": 13, "object_id": 102, "liked_num": 0}}, {"model": "likes.likecount", "pk": 108, "fields": {"content_type": 13, "object_id": 104, "liked_num": 0}}, {"model": "likes.likecount", "pk": 109, "fields": {"content_type": 13, "object_id": 105, "liked_num": 0}}, {"model": "likes.likecount", "pk": 110, "fields": {"content_type": 13, "object_id": 107, "liked_num": 0}}, {"model": "likes.likecount", "pk": 111, "fields": {"content_type": 13, "object_id": 106, "liked_num": 0}}, {"model": "likes.likecount", "pk": 112, "fields": {"content_type": 8, "object_id": 8, "liked_num": 0}}, {"model": "likes.likecount", "pk": 113, "fields": {"content_type": 8, "object_id": 7, "liked_num": 0}}, {"model": "likes.likecount", "pk": 114, "fields": {"content_type": 8, "object_id": 6, "liked_num": 0}}, {"model": "likes.likecount", "pk": 115, "fields": {"content_type": 8, "object_id": 5, "liked_num": 0}}, {"model": "likes.likecount", "pk": 116, "fields": {"content_type": 8, "object_id": 4, "liked_num": 0}}, {"model": "likes.likecount", "pk": 117, "fields": {"content_type": 8, "object_id": 3, "liked_num": 0}}, {"model": "likes.likecount", "pk": 118, "fields": {"content_type": 8, "object_id": 28, "liked_num": 0}}, {"model": "likes.likecount", "pk": 119, "fields": {"content_type": 8, "object_id": 27, "liked_num": 0}}, {"model": "likes.likecount", "pk": 120, "fields": {"content_type": 8, "object_id": 26, "liked_num": 0}}, {"model": "likes.likecount", "pk": 121, "fields": {"content_type": 8, "object_id": 25, "liked_num": 0}}, {"model": "likes.likecount", "pk": 122, "fields": {"content_type": 8, "object_id": 24, "liked_num": 0}}, {"model": "likes.likecount", "pk": 123, "fields": {"content_type": 8, "object_id": 23, "liked_num": 0}}, {"model": "likes.likecount", "pk": 124, "fields": {"content_type": 8, "object_id": 22, "liked_num": 0}}, {"model": "likes.likecount", "pk": 125, "fields": {"content_type": 8, "object_id": 21, "liked_num": 0}}, {"model": "likes.likecount", "pk": 126, "fields": {"content_type": 8, "object_id": 20, "liked_num": 0}}, {"model": "likes.likecount", "pk": 127, "fields": {"content_type": 8, "object_id": 19, "liked_num": 0}}, {"model": "likes.likecount", "pk": 128, "fields": {"content_type": 8, "object_id": 18, "liked_num": 0}}, {"model": "likes.likecount", "pk": 129, "fields": {"content_type": 8, "object_id": 17, "liked_num": 0}}, {"model": "likes.likecount", "pk": 130, "fields": {"content_type": 8, "object_id": 16, "liked_num": 0}}, {"model": "likes.likecount", "pk": 131, "fields": {"content_type": 8, "object_id": 15, "liked_num": 0}}, {"model": "likes.likecount", "pk": 132, "fields": {"content_type": 8, "object_id": 14, "liked_num": 0}}, {"model": "likes.likecount", "pk": 133, "fields": {"content_type": 8, "object_id": 13, "liked_num": 0}}, {"model": "likes.likecount", "pk": 134, "fields": {"content_type": 8, "object_id": 12, "liked_num": 0}}, {"model": "likes.likecount", "pk": 135, "fields": {"content_type": 8, "object_id": 11, "liked_num": 0}}, {"model": "likes.likecount", "pk": 136, "fields": {"content_type": 8, "object_id": 10, "liked_num": 0}}, {"model": "likes.likecount", "pk": 137, "fields": {"content_type": 8, "object_id": 9, "liked_num": 0}}, {"model": "likes.likecount", "pk": 138, "fields": {"content_type": 8, "object_id": 38, "liked_num": 0}}, {"model": "likes.likecount", "pk": 139, "fields": {"content_type": 13, "object_id": 44, "liked_num": 0}}, {"model": "likes.likecount", "pk": 140, "fields": {"content_type": 13, "object_id": 45, "liked_num": 0}}, {"model": "likes.likecount", "pk": 141, "fields": {"content_type": 13, "object_id": 47, "liked_num": 0}}, {"model": "likes.likecount", "pk": 142, "fields": {"content_type": 13, "object_id": 48, "liked_num": 0}}, {"model": "likes.likecount", "pk": 143, "fields": {"content_type": 13, "object_id": 49, "liked_num": 0}}, {"model": "likes.likecount", "pk": 144, "fields": {"content_type": 13, "object_id": 50, "liked_num": 0}}, {"model": "likes.likecount", "pk": 145, "fields": {"content_type": 13, "object_id": 51, "liked_num": 0}}, {"model": "likes.likecount", "pk": 146, "fields": {"content_type": 13, "object_id": 54, "liked_num": 0}}, {"model": "likes.likecount", "pk": 147, "fields": {"content_type": 13, "object_id": 43, "liked_num": 0}}, {"model": "likes.likecount", "pk": 148, "fields": {"content_type": 13, "object_id": 46, "liked_num": 0}}, {"model": "likes.likecount", "pk": 149, "fields": {"content_type": 13, "object_id": 52, "liked_num": 0}}, {"model": "likes.likecount", "pk": 150, "fields": {"content_type": 13, "object_id": 53, "liked_num": 0}}, {"model": "likes.likecount", "pk": 151, "fields": {"content_type": 13, "object_id": 42, "liked_num": 0}}, {"model": "likes.likecount", "pk": 152, "fields": {"content_type": 13, "object_id": 40, "liked_num": 0}}, {"model": "likes.likecount", "pk": 153, "fields": {"content_type": 13, "object_id": 41, "liked_num": 0}}, {"model": "likes.likecount", "pk": 154, "fields": {"content_type": 13, "object_id": 108, "liked_num": 0}}, {"model": "likes.likecount", "pk": 155, "fields": {"content_type": 8, "object_id": 59, "liked_num": 0}}, {"model": "likes.likecount", "pk": 156, "fields": {"content_type": 13, "object_id": 109, "liked_num": 0}}, {"model": "likes.likecount", "pk": 157, "fields": {"content_type": 13, "object_id": 112, "liked_num": 0}}, {"model": "likes.likecount", "pk": 158, "fields": {"content_type": 13, "object_id": 111, "liked_num": 0}}, {"model": "likes.likecount", "pk": 159, "fields": {"content_type": 13, "object_id": 110, "liked_num": 0}}, {"model": "likes.likecount", "pk": 160, "fields": {"content_type": 13, "object_id": 113, "liked_num": 0}}, {"model": "likes.likecount", "pk": 161, "fields": {"content_type": 13, "object_id": 114, "liked_num": 1}}, {"model": "likes.likecount", "pk": 162, "fields": {"content_type": 8, "object_id": 60, "liked_num": 0}}, {"model": "likes.likecount", "pk": 163, "fields": {"content_type": 13, "object_id": 115, "liked_num": 0}}, {"model": "likes.likecount", "pk": 164, "fields": {"content_type": 13, "object_id": 116, "liked_num": 1}}, {"model": "likes.likecount", "pk": 165, "fields": {"content_type": 13, "object_id": 117, "liked_num": 0}}, {"model": "oauth.oauth_type", "pk": 1, "fields": {"type_name": "Github", "title": "Github\u767b\u5f55", "img": "static/img/connect/githublogin.jpg", "client_id": "edb50defaed8fd8e7265", "client_secret": "2d6334e1685b2a93f24b0c421f86fe08e93cd87c", "redirect_uri": "https://www.eachen.online/oauth/github_check", "scope": "github\u767b\u5f55", "url_authorize": "", "url_access_token": "", "url_open_id": "", "url_user_info": "", "url_email": ""}}, {"model": "auth.permission", "pk": 1, "fields": {"name": "Can add log entry", "content_type": 1, "codename": "add_logentry"}}, {"model": "auth.permission", "pk": 2, "fields": {"name": "Can change log entry", "content_type": 1, "codename": "change_logentry"}}, {"model": "auth.permission", "pk": 3, "fields": {"name": "Can delete log entry", "content_type": 1, "codename": "delete_logentry"}}, {"model": "auth.permission", "pk": 4, "fields": {"name": "Can view log entry", "content_type": 1, "codename": "view_logentry"}}, {"model": "auth.permission", "pk": 5, "fields": {"name": "Can add permission", "content_type": 2, "codename": "add_permission"}}, {"model": "auth.permission", "pk": 6, "fields": {"name": "Can change permission", "content_type": 2, "codename": "change_permission"}}, {"model": "auth.permission", "pk": 7, "fields": {"name": "Can delete permission", "content_type": 2, "codename": "delete_permission"}}, {"model": "auth.permission", "pk": 8, "fields": {"name": "Can view permission", "content_type": 2, "codename": "view_permission"}}, {"model": "auth.permission", "pk": 9, "fields": {"name": "Can add group", "content_type": 3, "codename": "add_group"}}, {"model": "auth.permission", "pk": 10, "fields": {"name": "Can change group", "content_type": 3, "codename": "change_group"}}, {"model": "auth.permission", "pk": 11, "fields": {"name": "Can delete group", "content_type": 3, "codename": "delete_group"}}, {"model": "auth.permission", "pk": 12, "fields": {"name": "Can view group", "content_type": 3, "codename": "view_group"}}, {"model": "auth.permission", "pk": 13, "fields": {"name": "Can add user", "content_type": 4, "codename": "add_user"}}, {"model": "auth.permission", "pk": 14, "fields": {"name": "Can change user", "content_type": 4, "codename": "change_user"}}, {"model": "auth.permission", "pk": 15, "fields": {"name": "Can delete user", "content_type": 4, "codename": "delete_user"}}, {"model": "auth.permission", "pk": 16, "fields": {"name": "Can view user", "content_type": 4, "codename": "view_user"}}, {"model": "auth.permission", "pk": 17, "fields": {"name": "Can add content type", "content_type": 5, "codename": "add_contenttype"}}, {"model": "auth.permission", "pk": 18, "fields": {"name": "Can change content type", "content_type": 5, "codename": "change_contenttype"}}, {"model": "auth.permission", "pk": 19, "fields": {"name": "Can delete content type", "content_type": 5, "codename": "delete_contenttype"}}, {"model": "auth.permission", "pk": 20, "fields": {"name": "Can view content type", "content_type": 5, "codename": "view_contenttype"}}, {"model": "auth.permission", "pk": 21, "fields": {"name": "Can add session", "content_type": 6, "codename": "add_session"}}, {"model": "auth.permission", "pk": 22, "fields": {"name": "Can change session", "content_type": 6, "codename": "change_session"}}, {"model": "auth.permission", "pk": 23, "fields": {"name": "Can delete session", "content_type": 6, "codename": "delete_session"}}, {"model": "auth.permission", "pk": 24, "fields": {"name": "Can view session", "content_type": 6, "codename": "view_session"}}, {"model": "auth.permission", "pk": 25, "fields": {"name": "Can add article", "content_type": 7, "codename": "add_article"}}, {"model": "auth.permission", "pk": 26, "fields": {"name": "Can change article", "content_type": 7, "codename": "change_article"}}, {"model": "auth.permission", "pk": 27, "fields": {"name": "Can delete article", "content_type": 7, "codename": "delete_article"}}, {"model": "auth.permission", "pk": 28, "fields": {"name": "Can view article", "content_type": 7, "codename": "view_article"}}, {"model": "auth.permission", "pk": 29, "fields": {"name": "Can add blog", "content_type": 8, "codename": "add_blog"}}, {"model": "auth.permission", "pk": 30, "fields": {"name": "Can change blog", "content_type": 8, "codename": "change_blog"}}, {"model": "auth.permission", "pk": 31, "fields": {"name": "Can delete blog", "content_type": 8, "codename": "delete_blog"}}, {"model": "auth.permission", "pk": 32, "fields": {"name": "Can view blog", "content_type": 8, "codename": "view_blog"}}, {"model": "auth.permission", "pk": 33, "fields": {"name": "Can add blog type", "content_type": 9, "codename": "add_blogtype"}}, {"model": "auth.permission", "pk": 34, "fields": {"name": "Can change blog type", "content_type": 9, "codename": "change_blogtype"}}, {"model": "auth.permission", "pk": 35, "fields": {"name": "Can delete blog type", "content_type": 9, "codename": "delete_blogtype"}}, {"model": "auth.permission", "pk": 36, "fields": {"name": "Can view blog type", "content_type": 9, "codename": "view_blogtype"}}, {"model": "auth.permission", "pk": 37, "fields": {"name": "Can add read num", "content_type": 10, "codename": "add_readnum"}}, {"model": "auth.permission", "pk": 38, "fields": {"name": "Can change read num", "content_type": 10, "codename": "change_readnum"}}, {"model": "auth.permission", "pk": 39, "fields": {"name": "Can delete read num", "content_type": 10, "codename": "delete_readnum"}}, {"model": "auth.permission", "pk": 40, "fields": {"name": "Can view read num", "content_type": 10, "codename": "view_readnum"}}, {"model": "auth.permission", "pk": 41, "fields": {"name": "Can add read num", "content_type": 11, "codename": "add_readnum"}}, {"model": "auth.permission", "pk": 42, "fields": {"name": "Can change read num", "content_type": 11, "codename": "change_readnum"}}, {"model": "auth.permission", "pk": 43, "fields": {"name": "Can delete read num", "content_type": 11, "codename": "delete_readnum"}}, {"model": "auth.permission", "pk": 44, "fields": {"name": "Can view read num", "content_type": 11, "codename": "view_readnum"}}, {"model": "auth.permission", "pk": 45, "fields": {"name": "Can add read detail", "content_type": 12, "codename": "add_readdetail"}}, {"model": "auth.permission", "pk": 46, "fields": {"name": "Can change read detail", "content_type": 12, "codename": "change_readdetail"}}, {"model": "auth.permission", "pk": 47, "fields": {"name": "Can delete read detail", "content_type": 12, "codename": "delete_readdetail"}}, {"model": "auth.permission", "pk": 48, "fields": {"name": "Can view read detail", "content_type": 12, "codename": "view_readdetail"}}, {"model": "auth.permission", "pk": 49, "fields": {"name": "Can add comment", "content_type": 13, "codename": "add_comment"}}, {"model": "auth.permission", "pk": 50, "fields": {"name": "Can change comment", "content_type": 13, "codename": "change_comment"}}, {"model": "auth.permission", "pk": 51, "fields": {"name": "Can delete comment", "content_type": 13, "codename": "delete_comment"}}, {"model": "auth.permission", "pk": 52, "fields": {"name": "Can view comment", "content_type": 13, "codename": "view_comment"}}, {"model": "auth.permission", "pk": 53, "fields": {"name": "Can add like record", "content_type": 14, "codename": "add_likerecord"}}, {"model": "auth.permission", "pk": 54, "fields": {"name": "Can change like record", "content_type": 14, "codename": "change_likerecord"}}, {"model": "auth.permission", "pk": 55, "fields": {"name": "Can delete like record", "content_type": 14, "codename": "delete_likerecord"}}, {"model": "auth.permission", "pk": 56, "fields": {"name": "Can view like record", "content_type": 14, "codename": "view_likerecord"}}, {"model": "auth.permission", "pk": 57, "fields": {"name": "Can add like count", "content_type": 15, "codename": "add_likecount"}}, {"model": "auth.permission", "pk": 58, "fields": {"name": "Can change like count", "content_type": 15, "codename": "change_likecount"}}, {"model": "auth.permission", "pk": 59, "fields": {"name": "Can delete like count", "content_type": 15, "codename": "delete_likecount"}}, {"model": "auth.permission", "pk": 60, "fields": {"name": "Can view like count", "content_type": 15, "codename": "view_likecount"}}, {"model": "auth.permission", "pk": 61, "fields": {"name": "Can add profile", "content_type": 16, "codename": "add_profile"}}, {"model": "auth.permission", "pk": 62, "fields": {"name": "Can change profile", "content_type": 16, "codename": "change_profile"}}, {"model": "auth.permission", "pk": 63, "fields": {"name": "Can delete profile", "content_type": 16, "codename": "delete_profile"}}, {"model": "auth.permission", "pk": 64, "fields": {"name": "Can view profile", "content_type": 16, "codename": "view_profile"}}, {"model": "auth.permission", "pk": 65, "fields": {"name": "Can add o auth_ex", "content_type": 17, "codename": "add_oauth_ex"}}, {"model": "auth.permission", "pk": 66, "fields": {"name": "Can change o auth_ex", "content_type": 17, "codename": "change_oauth_ex"}}, {"model": "auth.permission", "pk": 67, "fields": {"name": "Can delete o auth_ex", "content_type": 17, "codename": "delete_oauth_ex"}}, {"model": "auth.permission", "pk": 68, "fields": {"name": "Can view o auth_ex", "content_type": 17, "codename": "view_oauth_ex"}}, {"model": "auth.permission", "pk": 69, "fields": {"name": "Can add o auth_type", "content_type": 18, "codename": "add_oauth_type"}}, {"model": "auth.permission", "pk": 70, "fields": {"name": "Can change o auth_type", "content_type": 18, "codename": "change_oauth_type"}}, {"model": "auth.permission", "pk": 71, "fields": {"name": "Can delete o auth_type", "content_type": 18, "codename": "delete_oauth_type"}}, {"model": "auth.permission", "pk": 72, "fields": {"name": "Can view o auth_type", "content_type": 18, "codename": "view_oauth_type"}}, {"model": "auth.user", "pk": 1, "fields": {"password": "pbkdf2_sha256$120000$iYXotF5iPUry$7/twttnjStyp25mpaV/iUnoa18yRIhqGb2HPbLC+4WY=", "last_login": "2019-01-08T21:15:22.813", "is_superuser": true, "username": "eachen", "first_name": "", "last_name": "", "email": "695089605@qq.com", "is_staff": true, "is_active": true, "date_joined": "2018-12-18T07:54:00", "groups": [], "user_permissions": []}}, {"model": "auth.user", "pk": 3, "fields": {"password": "pbkdf2_sha256$120000$mYryAaSmYA3o$zp754O9uHLQy9e4wtMVCArUota9/xQo+/WUCSKlqr2Q=", "last_login": "2018-12-22T12:59:59.102", "is_superuser": false, "username": "4234", "first_name": "", "last_name": "", "email": "4234", "is_staff": false, "is_active": true, "date_joined": "2018-12-22T12:59:58.613", "groups": [], "user_permissions": []}}, {"model": "auth.user", "pk": 4, "fields": {"password": "pbkdf2_sha256$120000$VVhkFU9jveXw$72+GArB6aW2KNfRfM1CDz0vkZ282NOifvebWNBQr5mg=", "last_login": "2018-12-26T11:06:00", "is_superuser": true, "username": "eachen1", "first_name": "", "last_name": "", "email": "", "is_staff": true, "is_active": true, "date_joined": "2018-12-22T13:09:00", "groups": [], "user_permissions": []}}, {"model": "auth.user", "pk": 5, "fields": {"password": "pbkdf2_sha256$120000$pY1sPkv6QzrL$/lTZek5D8HO2Qm4IVHMZZFW7X/3t1aozFk4Lf6UtsTo=", "last_login": "2018-12-26T09:38:00", "is_superuser": false, "username": "test1", "first_name": "", "last_name": "", "email": "", "is_staff": false, "is_active": true, "date_joined": "2018-12-26T08:03:00", "groups": [], "user_permissions": []}}, {"model": "auth.user", "pk": 6, "fields": {"password": "pbkdf2_sha256$120000$Y00UoASYbhcx$7tV7P93q13EdWhmRR6sZOUYhXL/EYPCU690HuVmv2JI=", "last_login": "2018-12-28T16:55:16.013", "is_superuser": false, "username": "\u5321\u5955\u81e3", "first_name": "", "last_name": "", "email": "18064474632@qq.com", "is_staff": false, "is_active": true, "date_joined": "2018-12-28T16:55:15.380", "groups": [], "user_permissions": []}}, {"model": "article.article", "pk": 1, "fields": {"title": "\u6211\u662f\u6d4b\u8bd5\u7b2c\u4e00\u7bc7", "content": "\u6211\u662f\u5185\u5bb9", "create_time": "2018-12-18T09:37:56.832", "last_update_time": "2018-12-18T09:39:09.383", "author": 1, "is_deleted": false, "readed_num": 0}}, {"model": "article.article", "pk": 2, "fields": {"title": "\u6211\u662f\u7b2c\u4e8c\u7bc7", "content": "\u6211\u662f\u5185\u5bb9", "create_time": "2018-12-18T09:37:56.832", "last_update_time": "2018-12-18T09:53:29.199", "author": 1, "is_deleted": true, "readed_num": 0}}, {"model": "article.article", "pk": 3, "fields": {"title": "three", "content": "a", "create_time": "2018-12-18T09:37:56.832", "last_update_time": "2018-12-18T09:38:08.968", "author": 1, "is_deleted": false, "readed_num": 0}}, {"model": "article.article", "pk": 4, "fields": {"title": "four", "content": "dasd", "create_time": "2018-12-18T09:37:56.832", "last_update_time": "2018-12-18T09:38:08.968", "author": 1, "is_deleted": false, "readed_num": 0}}, {"model": "blog.blog", "pk": 3, "fields": {"title": "\u8fd9\u662f\u4e00\u7bc7\u957f\u5fae\u535a", "blog_type": 2, "content": "<p>\u8fd9\u662f\u4e00\u7bc7\u957f\u5fae\u535a\u8fd9\u662f\u4e00\u7bc7\u957f\u5fae\u535a\u8fd9\u662f\u4e00\u7bc7\u957f\u5fae\u535a\u8fd9\u662f\u4e00\u7bc7\u957f\u5fae\u535a\u8fd9\u662f\u4e00\u7bc7\u957f\u5fae\u535a\u8fd9\u662f\u4e00\u7bc7\u957f\u5fae\u535a\u8fd9\u662f\u4e00\u7bc7\u957f\u5fae\u535a\u8fd9\u662f\u4e00\u7bc7\u957f\u5fae\u535a\u8fd9\u662f\u4e00\u7bc7\u957f\u5fae\u535a\u8fd9\u662f\u4e00\u7bc7\u957f\u5fae\u535a\u8fd9\u662f\u4e00\u7bc7\u957f\u5fae\u535a\u8fd9\u662f\u4e00\u7bc7<span style=\"color:#2ecc71\">\u957f\u5fae\u535a\u8fd9\u662f\u4e00\u7bc7\u957f\u5fae\u535a\u8fd9\u662f\u4e00\u7bc7\u957f\u5fae\u535a\u8fd9\u662f\u4e00\u7bc7\u957f\u5fae\u535a\u8fd9\u662f\u4e00\u7bc7\u957f\u5fae\u535a\u8fd9\u662f\u4e00\u7bc7\u957f\u5fae\u535a\u8fd9\u662f\u4e00\u7bc7\u957f\u5fae\u535a\u8fd9\u662f\u4e00\u7bc7\u957f\u5fae\u535a\u8fd9\u662f\u4e00\u7bc7\u957f\u5fae\u535a\u8fd9\u662f\u4e00\u7bc7\u957f</span>\u5fae\u535a\u8fd9\u662f\u4e00<span style=\"color:#2ecc71\">\u7bc7\u957f\u5fae\u535a\u8fd9\u662f\u4e00\u7bc7\u957f\u5fae\u535a\u8fd9\u662f\u4e00\u7bc7\u957f\u5fae\u535a\u8fd9\u662f\u4e00\u7bc7\u957f\u5fae\u535a\u8fd9\u662f\u4e00\u7bc7\u957f\u5fae\u535a\u8fd9\u662f\u4e00\u7bc7\u957f\u5fae\u535a\u8fd9\u662f\u4e00\u7bc7\u957f\u5fae\u535a\u8fd9\u662f\u4e00\u7bc7\u957f\u5fae\u535a\u8fd9\u662f\u4e00\u7bc7\u957f\u5fae\u535a\u8fd9\u662f\u4e00\u7bc7\u957f\u5fae\u535a\u8fd9\u662f\u4e00\u7bc7\u957f\u5fae\u535a\u8fd9\u662f</span>\u4e00\u7bc7\u957f\u5fae\u535a\u8fd9\u662f\u4e00\u7bc7\u957f\u5fae\u535a\u8fd9\u662f\u4e00\u7bc7\u957f\u5fae\u535a\u8fd9\u662f\u4e00\u7bc7\u957f\u5fae\u535a\u8fd9\u662f\u4e00\u7bc7\u957f\u5fae\u535a\u8fd9\u662f\u4e00\u7bc7\u957f\u5fae\u535a\u8fd9\u662f\u4e00\u7bc7\u957f\u5fae\u535a\u8fd9\u662f\u4e00\u7bc7\u957f\u5fae\u535a\u8fd9\u662f\u4e00\u7bc7\u957f\u5fae\u535a\u8fd9\u662f\u4e00\u7bc7\u957f\u5fae\u535a\u8fd9\u662f\u4e00\u7bc7\u957f\u5fae\u535a\u8fd9\u662f\u4e00\u7bc7\u957f\u5fae\u535a\u8fd9\u662f\u4e00\u7bc7\u957f\u5fae\u535a\u8fd9\u662f\u4e00\u7bc7\u957f\u5fae\u535a\u8fd9\u662f\u4e00\u7bc7\u957f\u5fae\u535a\u8fd9\u662f\u4e00\u7bc7\u957f\u5fae\u535a\u8fd9\u662f\u4e00\u7bc7<span style=\"background-color:#1abc9c\">\u957f\u5fae\u535a\u8fd9\u662f\u4e00\u7bc7\u957f\u5fae\u535a\u8fd9\u662f\u4e00\u7bc7\u957f\u5fae\u535a\u8fd9\u662f\u4e00\u7bc7\u957f\u5fae\u535a\u8fd9\u662f\u4e00\u7bc7\u957f\u5fae\u535a\u8fd9\u662f\u4e00\u7bc7\u957f\u5fae\u535a\u8fd9\u662f\u4e00\u7bc7\u957f\u5fae\u535a\u8fd9\u662f\u4e00\u7bc7\u957f\u5fae\u535a\u8fd9\u662f\u4e00\u7bc7\u957f\u5fae\u535a\u8fd9\u662f\u4e00\u7bc7\u957f\u5fae\u535a\u8fd9\u662f\u4e00\u7bc7\u957f\u5fae\u535a\u8fd9\u662f\u4e00\u7bc7\u957f\u5fae\u535a\u8fd9\u662f\u4e00\u7bc7\u957f\u5fae\u535a\u8fd9\u662f\u4e00\u7bc7\u957f\u5fae\u535a\u8fd9\u662f\u4e00\u7bc7\u957f\u5fae\u535a\u8fd9\u662f\u4e00\u7bc7\u957f\u5fae\u535a\u8fd9\u662f\u4e00\u7bc7\u957f\u5fae\u535a\u8fd9\u662f\u4e00\u7bc7\u957f\u5fae\u535a\u8fd9\u662f\u4e00\u7bc7\u957f\u5fae\u535a\u8fd9\u662f</span>\u4e00\u7bc7\u957f\u5fae\u535a\u8fd9\u662f\u4e00\u7bc7\u957f\u5fae\u535a\u8fd9\u662f\u4e00\u7bc7\u957f\u5fae\u535a\u8fd9\u662f\u4e00\u7bc7\u957f\u5fae\u535a\u8fd9\u662f\u4e00\u7bc7\u957f\u5fae\u535a\u8fd9\u662f\u4e00\u7bc7\u957f\u5fae\u535a\u8fd9\u662f\u4e00\u7bc7\u957f\u5fae\u535a\u8fd9\u662f\u4e00\u7bc7\u957f\u5fae\u535a\u8fd9\u662f\u4e00\u7bc7\u957f\u5fae\u535a\u8fd9\u662f\u4e00\u7bc7\u957f\u5fae\u535a\u8fd9\u662f\u4e00\u7bc7\u957f\u5fae\u535a\u8fd9\u662f\u4e00\u7bc7\u957f\u5fae\u535a\u8fd9\u662f\u4e00\u7bc7\u957f\u5fae\u535a\u8fd9\u662f\u4e00\u7bc7\u957f\u5fae\u535a\u8fd9\u662f\u4e00\u7bc7\u957f\u5fae\u535a\u8fd9\u662f\u4e00\u7bc7\u957f\u5fae\u535a\u8fd9\u662f\u4e00\u7bc7\u957f\u5fae\u535a\u8fd9\u662f\u4e00\u7bc7\u957f\u5fae\u535a</p>", "author": 1, "create_time": "2018-12-19T02:49:42.230", "last_updated_time": "2018-12-20T12:48:53.149"}}, {"model": "blog.blog", "pk": 59, "fields": {"title": "\u8fd9\u662f\u65b0\u5e74\u7684\u7b2c\u4e00\u7bc7", "blog_type": 2, "content": "<p>\u8fd9\u662f\u4e00\u4e2a\u5f88\u597d\u73a9</p>", "author": 1, "create_time": "2019-01-02T19:24:12.442", "last_updated_time": "2019-01-02T19:24:12.442"}}, {"model": "blog.blog", "pk": 60, "fields": {"title": "\u6d4b\u8bd5\u65f6\u95f4", "blog_type": 2, "content": "<p>\u6cd5\u8428\u82ac</p>", "author": 5, "create_time": "2019-01-02T20:24:48.221", "last_updated_time": "2019-01-02T20:24:48.222"}}, {"model": "comment.comment", "pk": 1, "fields": {"content_type": 8, "object_id": 58, "text": "123", "comment_time": "2018-12-22T07:09:39.995", "user": 1, "root": null, "parent": null, "reply_to": null}}, {"model": "comment.comment", "pk": 2, "fields": {"content_type": 8, "object_id": 55, "text": "kuang", "comment_time": "2018-12-22T07:26:36.919", "user": 1, "root": null, "parent": null, "reply_to": null}}, {"model": "comment.comment", "pk": 3, "fields": {"content_type": 8, "object_id": 55, "text": "", "comment_time": "2018-12-22T07:27:50.333", "user": 1, "root": null, "parent": null, "reply_to": null}}, {"model": "comment.comment", "pk": 4, "fields": {"content_type": 8, "object_id": 55, "text": "hahah", "comment_time": "2018-12-22T07:33:31.561", "user": 1, "root": null, "parent": null, "reply_to": null}}, {"model": "comment.comment", "pk": 5, "fields": {"content_type": 8, "object_id": 55, "text": "xixi", "comment_time": "2018-12-22T07:33:35.305", "user": 1, "root": null, "parent": null, "reply_to": null}}, {"model": "comment.comment", "pk": 6, "fields": {"content_type": 8, "object_id": 55, "text": "fsadfjasdklfj;asl\r\n", "comment_time": "2018-12-22T07:33:38.375", "user": 1, "root": null, "parent": null, "reply_to": null}}, {"model": "comment.comment", "pk": 7, "fields": {"content_type": 8, "object_id": 50, "text": "\u4f60\u4eec\u597d", "comment_time": "2018-12-22T08:05:11.602", "user": 1, "root": null, "parent": null, "reply_to": null}}, {"model": "comment.comment", "pk": 8, "fields": {"content_type": 8, "object_id": 50, "text": "\u5927\u5bb6\u597d", "comment_time": "2018-12-22T08:05:15.802", "user": 1, "root": null, "parent": null, "reply_to": null}}, {"model": "comment.comment", "pk": 9, "fields": {"content_type": 8, "object_id": 44, "text": "\u6211\u662f\u8bc4\u8bba1", "comment_time": "2018-12-22T08:05:42.760", "user": 1, "root": null, "parent": null, "reply_to": null}}, {"model": "comment.comment", "pk": 10, "fields": {"content_type": 8, "object_id": 44, "text": "\u6211\u662f\u8bc4\u8bba2", "comment_time": "2018-12-22T08:05:46.969", "user": 1, "root": null, "parent": null, "reply_to": null}}, {"model": "comment.comment", "pk": 12, "fields": {"content_type": 8, "object_id": 44, "text": "\u53ef\u4ee5\u53ef\u4ee5", "comment_time": "2018-12-22T08:13:02.155", "user": 1, "root": null, "parent": null, "reply_to": null}}, {"model": "comment.comment", "pk": 14, "fields": {"content_type": 8, "object_id": 57, "text": "kuang", "comment_time": "2018-12-24T07:07:41.742", "user": 1, "root": null, "parent": null, "reply_to": null}}, {"model": "comment.comment", "pk": 15, "fields": {"content_type": 8, "object_id": 57, "text": "234", "comment_time": "2018-12-24T07:22:54.569", "user": 1, "root": null, "parent": null, "reply_to": null}}, {"model": "comment.comment", "pk": 16, "fields": {"content_type": 8, "object_id": 57, "text": "dasdasd", "comment_time": "2018-12-24T07:41:22.086", "user": 1, "root": null, "parent": null, "reply_to": null}}, {"model": "comment.comment", "pk": 18, "fields": {"content_type": 8, "object_id": 57, "text": "<p>123</p>", "comment_time": "2018-12-24T08:11:29.715", "user": 1, "root": null, "parent": null, "reply_to": null}}, {"model": "comment.comment", "pk": 19, "fields": {"content_type": 8, "object_id": 57, "text": "<p>123</p>", "comment_time": "2018-12-24T08:16:49.600", "user": 1, "root": null, "parent": null, "reply_to": null}}, {"model": "comment.comment", "pk": 20, "fields": {"content_type": 8, "object_id": 57, "text": "<p>123</p>", "comment_time": "2018-12-24T08:17:11.740", "user": 1, "root": null, "parent": null, "reply_to": null}}, {"model": "comment.comment", "pk": 21, "fields": {"content_type": 8, "object_id": 57, "text": "<p>123</p>", "comment_time": "2018-12-24T08:17:11.741", "user": 1, "root": null, "parent": null, "reply_to": null}}, {"model": "comment.comment", "pk": 22, "fields": {"content_type": 8, "object_id": 57, "text": "<p>kuangkuang</p>", "comment_time": "2018-12-24T08:20:48.557", "user": 1, "root": null, "parent": null, "reply_to": null}}, {"model": "comment.comment", "pk": 23, "fields": {"content_type": 8, "object_id": 57, "text": "<p>kuangkuang</p>", "comment_time": "2018-12-24T08:20:48.666", "user": 1, "root": null, "parent": null, "reply_to": null}}, {"model": "comment.comment", "pk": 24, "fields": {"content_type": 8, "object_id": 57, "text": "<p>kuangkuang</p>", "comment_time": "2018-12-24T08:20:52.457", "user": 1, "root": null, "parent": null, "reply_to": null}}, {"model": "comment.comment", "pk": 25, "fields": {"content_type": 8, "object_id": 57, "text": "<p>fdasas</p>", "comment_time": "2018-12-24T09:48:40.266", "user": 1, "root": null, "parent": null, "reply_to": null}}, {"model": "comment.comment", "pk": 26, "fields": {"content_type": 8, "object_id": 57, "text": "<p>fdasas</p>", "comment_time": "2018-12-24T09:48:40.365", "user": 1, "root": null, "parent": null, "reply_to": null}}, {"model": "comment.comment", "pk": 27, "fields": {"content_type": 8, "object_id": 57, "text": "<p>123</p>", "comment_time": "2018-12-24T09:53:48.749", "user": 1, "root": null, "parent": null, "reply_to": null}}, {"model": "comment.comment", "pk": 28, "fields": {"content_type": 8, "object_id": 57, "text": "<p>123</p>", "comment_time": "2018-12-24T09:53:48.750", "user": 1, "root": null, "parent": null, "reply_to": null}}, {"model": "comment.comment", "pk": 29, "fields": {"content_type": 8, "object_id": 58, "text": "<p>dasdas</p>", "comment_time": "2018-12-24T09:54:42.127", "user": 1, "root": null, "parent": null, "reply_to": null}}, {"model": "comment.comment", "pk": 30, "fields": {"content_type": 8, "object_id": 58, "text": "<p>dasdas</p>", "comment_time": "2018-12-24T09:54:42.239", "user": 1, "root": null, "parent": null, "reply_to": null}}, {"model": "comment.comment", "pk": 31, "fields": {"content_type": 8, "object_id": 58, "text": "<p>123</p>", "comment_time": "2018-12-24T10:03:19.330", "user": 1, "root": null, "parent": null, "reply_to": null}}, {"model": "comment.comment", "pk": 32, "fields": {"content_type": 8, "object_id": 58, "text": "<p>123</p>", "comment_time": "2018-12-24T10:03:19.451", "user": 1, "root": null, "parent": null, "reply_to": null}}, {"model": "comment.comment", "pk": 33, "fields": {"content_type": 8, "object_id": 58, "text": "<p>1</p>", "comment_time": "2018-12-24T10:06:35.079", "user": 1, "root": null, "parent": null, "reply_to": null}}, {"model": "comment.comment", "pk": 34, "fields": {"content_type": 8, "object_id": 58, "text": "<p>1</p>", "comment_time": "2018-12-24T10:06:35.202", "user": 1, "root": null, "parent": null, "reply_to": null}}, {"model": "comment.comment", "pk": 35, "fields": {"content_type": 8, "object_id": 58, "text": "<p>kuang</p>", "comment_time": "2018-12-24T10:13:49.619", "user": 1, "root": null, "parent": null, "reply_to": null}}, {"model": "comment.comment", "pk": 36, "fields": {"content_type": 8, "object_id": 58, "text": "<p>kuang</p>", "comment_time": "2018-12-24T10:13:49.750", "user": 1, "root": null, "parent": null, "reply_to": null}}, {"model": "comment.comment", "pk": 37, "fields": {"content_type": 8, "object_id": 58, "text": "<p>dasdas</p>", "comment_time": "2018-12-24T10:14:28.042", "user": 1, "root": null, "parent": null, "reply_to": null}}, {"model": "comment.comment", "pk": 38, "fields": {"content_type": 8, "object_id": 58, "text": "<p><em>fasdfsdfsdaf</em></p>", "comment_time": "2018-12-24T10:14:58.140", "user": 1, "root": null, "parent": null, "reply_to": null}}, {"model": "comment.comment", "pk": 39, "fields": {"content_type": 8, "object_id": 58, "text": "<p>fsadfsdaf</p>", "comment_time": "2018-12-24T10:49:07.532", "user": 1, "root": null, "parent": null, "reply_to": null}}, {"model": "comment.comment", "pk": 40, "fields": {"content_type": 8, "object_id": 38, "text": "<p>123</p>", "comment_time": "2018-12-24T11:49:40.316", "user": 1, "root": null, "parent": null, "reply_to": null}}, {"model": "comment.comment", "pk": 41, "fields": {"content_type": 8, "object_id": 38, "text": "<p>456</p>", "comment_time": "2018-12-24T11:51:23.727", "user": 1, "root": 40, "parent": 40, "reply_to": 1}}, {"model": "comment.comment", "pk": 42, "fields": {"content_type": 8, "object_id": 38, "text": "<p>dasdsa</p>", "comment_time": "2018-12-24T11:57:44.940", "user": 1, "root": null, "parent": null, "reply_to": null}}, {"model": "comment.comment", "pk": 43, "fields": {"content_type": 8, "object_id": 38, "text": "<p>123123</p>", "comment_time": "2018-12-24T12:19:55.790", "user": 1, "root": null, "parent": null, "reply_to": null}}, {"model": "comment.comment", "pk": 44, "fields": {"content_type": 8, "object_id": 38, "text": "<p>dsadasd</p>", "comment_time": "2018-12-24T12:22:45.411", "user": 1, "root": null, "parent": null, "reply_to": null}}, {"model": "comment.comment", "pk": 45, "fields": {"content_type": 8, "object_id": 38, "text": "<p>fasdasdf</p>", "comment_time": "2018-12-24T12:32:54.950", "user": 1, "root": 44, "parent": 44, "reply_to": 1}}, {"model": "comment.comment", "pk": 46, "fields": {"content_type": 8, "object_id": 38, "text": "<p>1</p>", "comment_time": "2018-12-24T12:33:22.600", "user": 1, "root": 43, "parent": 43, "reply_to": 1}}, {"model": "comment.comment", "pk": 47, "fields": {"content_type": 8, "object_id": 38, "text": "<p>kuang</p>", "comment_time": "2018-12-24T12:33:35.710", "user": 1, "root": 44, "parent": 45, "reply_to": 1}}, {"model": "comment.comment", "pk": 48, "fields": {"content_type": 8, "object_id": 38, "text": "<p>ffffff</p>", "comment_time": "2018-12-24T12:34:44.038", "user": 1, "root": 44, "parent": 47, "reply_to": 1}}, {"model": "comment.comment", "pk": 49, "fields": {"content_type": 8, "object_id": 38, "text": "<p>woshi kj</p>", "comment_time": "2018-12-24T12:50:01.372", "user": 1, "root": 44, "parent": 47, "reply_to": 1}}, {"model": "comment.comment", "pk": 50, "fields": {"content_type": 8, "object_id": 38, "text": "<p>fasdfsdf</p>", "comment_time": "2018-12-24T12:50:33.397", "user": 1, "root": 44, "parent": 44, "reply_to": 1}}, {"model": "comment.comment", "pk": 51, "fields": {"content_type": 8, "object_id": 38, "text": "<p>kuangkuang</p>", "comment_time": "2018-12-24T12:50:47.131", "user": 1, "root": 44, "parent": 44, "reply_to": 1}}, {"model": "comment.comment", "pk": 52, "fields": {"content_type": 8, "object_id": 38, "text": "<p>f</p>", "comment_time": "2018-12-24T12:52:33.130", "user": 1, "root": 43, "parent": 43, "reply_to": 1}}, {"model": "comment.comment", "pk": 53, "fields": {"content_type": 8, "object_id": 38, "text": "<p>dasda</p>", "comment_time": "2018-12-24T12:54:10.153", "user": 1, "root": 43, "parent": 46, "reply_to": 1}}, {"model": "comment.comment", "pk": 54, "fields": {"content_type": 8, "object_id": 38, "text": "<p>\u6211\u662f\u8bae\u7a0b\u54e5\u54e5\u54e5</p>", "comment_time": "2018-12-24T12:54:23.800", "user": 1, "root": 44, "parent": 44, "reply_to": 1}}, {"model": "comment.comment", "pk": 55, "fields": {"content_type": 8, "object_id": 57, "text": "<p>\u6211\u662f\u4f60\u54e5</p>", "comment_time": "2018-12-24T13:03:33.668", "user": 1, "root": 28, "parent": 28, "reply_to": 1}}, {"model": "comment.comment", "pk": 61, "fields": {"content_type": 8, "object_id": 57, "text": "<p>\u6211\u4e0d\u662f</p>", "comment_time": "2018-12-24T13:39:34.483", "user": 1, "root": null, "parent": null, "reply_to": null}}, {"model": "comment.comment", "pk": 62, "fields": {"content_type": 8, "object_id": 57, "text": "<p>\u6211\u4e0d\u662f\u8fc7\u540e</p>", "comment_time": "2018-12-24T13:39:38.568", "user": 1, "root": null, "parent": null, "reply_to": null}}, {"model": "comment.comment", "pk": 63, "fields": {"content_type": 8, "object_id": 57, "text": "<p>\u4f60\u4eec\u5440</p>", "comment_time": "2018-12-24T13:39:44.657", "user": 1, "root": null, "parent": null, "reply_to": null}}, {"model": "comment.comment", "pk": 64, "fields": {"content_type": 8, "object_id": 57, "text": "<p>\u771f\u662f\u7684</p>", "comment_time": "2018-12-24T13:40:09.211", "user": 1, "root": 63, "parent": 63, "reply_to": 1}}, {"model": "comment.comment", "pk": 65, "fields": {"content_type": 8, "object_id": 57, "text": "<p>\u5321</p>", "comment_time": "2018-12-24T13:43:05.993", "user": 1, "root": 26, "parent": 26, "reply_to": 1}}, {"model": "comment.comment", "pk": 66, "fields": {"content_type": 8, "object_id": 57, "text": "<p>\u5927\u65f6\u4ee3</p>", "comment_time": "2018-12-24T13:43:08.975", "user": 1, "root": null, "parent": null, "reply_to": null}}, {"model": "comment.comment", "pk": 67, "fields": {"content_type": 8, "object_id": 57, "text": "<p>\u521a\u521a</p>", "comment_time": "2018-12-24T13:44:09.326", "user": 1, "root": null, "parent": null, "reply_to": null}}, {"model": "comment.comment", "pk": 68, "fields": {"content_type": 8, "object_id": 55, "text": "<p>\u5321</p>", "comment_time": "2018-12-24T13:45:16.273", "user": 1, "root": null, "parent": null, "reply_to": null}}, {"model": "comment.comment", "pk": 69, "fields": {"content_type": 8, "object_id": 55, "text": "<p>\u5321</p>\r\n\r\n<p>&nbsp;</p>", "comment_time": "2018-12-24T13:45:22.415", "user": 1, "root": 68, "parent": 68, "reply_to": 1}}, {"model": "comment.comment", "pk": 70, "fields": {"content_type": 8, "object_id": 54, "text": "<p>\u6846\u6846</p>", "comment_time": "2018-12-24T13:46:35.623", "user": 1, "root": null, "parent": null, "reply_to": null}}, {"model": "comment.comment", "pk": 71, "fields": {"content_type": 8, "object_id": 58, "text": "<p>\u4f60\u4eec\u597d\u554a</p>", "comment_time": "2018-12-25T02:42:29.445", "user": 1, "root": 39, "parent": 39, "reply_to": 1}}, {"model": "comment.comment", "pk": 72, "fields": {"content_type": 8, "object_id": 58, "text": "<p>\u4e0d\u662f\u5f88\u597d</p>", "comment_time": "2018-12-25T02:42:36.716", "user": 1, "root": 39, "parent": 71, "reply_to": 1}}, {"model": "comment.comment", "pk": 73, "fields": {"content_type": 8, "object_id": 58, "text": "<p>\u6211\u662f\u90ed\u5999\u6625</p>", "comment_time": "2018-12-25T02:42:43.509", "user": 1, "root": 38, "parent": 38, "reply_to": 1}}, {"model": "comment.comment", "pk": 74, "fields": {"content_type": 8, "object_id": 58, "text": "<p>\u5927\u5bb6\u4f19\uff0c\u4f60\u4e48\u4f60\u597d\u554a</p>", "comment_time": "2018-12-25T02:42:57.256", "user": 1, "root": null, "parent": null, "reply_to": null}}, {"model": "comment.comment", "pk": 75, "fields": {"content_type": 8, "object_id": 56, "text": "<p>\u6211\u662f\u8bc4\u8bba1</p>", "comment_time": "2018-12-25T03:07:54.356", "user": 1, "root": null, "parent": null, "reply_to": null}}, {"model": "comment.comment", "pk": 76, "fields": {"content_type": 8, "object_id": 58, "text": "<p>\u4f60\u4eec\u597d\u554a</p>", "comment_time": "2018-12-25T03:17:30.630", "user": 1, "root": null, "parent": null, "reply_to": null}}, {"model": "comment.comment", "pk": 77, "fields": {"content_type": 8, "object_id": 58, "text": "<p>\u5927\u5bb6\u4f19\u554a</p>", "comment_time": "2018-12-25T03:26:43.019", "user": 1, "root": null, "parent": null, "reply_to": null}}, {"model": "comment.comment", "pk": 78, "fields": {"content_type": 8, "object_id": 58, "text": "<p>\u4f60\u4eec\u597d</p>", "comment_time": "2018-12-25T03:26:50.788", "user": 1, "root": null, "parent": null, "reply_to": null}}, {"model": "comment.comment", "pk": 79, "fields": {"content_type": 8, "object_id": 58, "text": "<p>\u5927\u5bb6\u4f19</p>", "comment_time": "2018-12-25T03:33:50.440", "user": 1, "root": 78, "parent": 78, "reply_to": 1}}, {"model": "comment.comment", "pk": 80, "fields": {"content_type": 8, "object_id": 58, "text": "<p>\u53d1\u751f\u5927\u5e45\u6740\u8dcc</p>", "comment_time": "2018-12-25T03:34:54.848", "user": 1, "root": null, "parent": null, "reply_to": null}}, {"model": "comment.comment", "pk": 81, "fields": {"content_type": 8, "object_id": 58, "text": "<p>\u5927\u4e09\u5927\u56db</p>", "comment_time": "2018-12-25T03:40:10.831", "user": 1, "root": 80, "parent": 80, "reply_to": 1}}, {"model": "comment.comment", "pk": 82, "fields": {"content_type": 8, "object_id": 58, "text": "<p>\u5927\u609f\u5927\u7406</p>", "comment_time": "2018-12-25T03:43:02.919", "user": 1, "root": 80, "parent": 81, "reply_to": 1}}, {"model": "comment.comment", "pk": 83, "fields": {"content_type": 8, "object_id": 58, "text": "<p>\u4f60\u4eec\u597d</p>", "comment_time": "2018-12-25T03:45:36.741", "user": 1, "root": null, "parent": null, "reply_to": null}}, {"model": "comment.comment", "pk": 84, "fields": {"content_type": 8, "object_id": 58, "text": "<p>\u5927\u65f6\u4ee3</p>", "comment_time": "2018-12-25T03:57:20.843", "user": 1, "root": 83, "parent": 83, "reply_to": 1}}, {"model": "comment.comment", "pk": 85, "fields": {"content_type": 8, "object_id": 58, "text": "<p>\u9632\u5b88\u6253\u6cd5</p>", "comment_time": "2018-12-25T03:57:29.036", "user": 1, "root": null, "parent": null, "reply_to": null}}, {"model": "comment.comment", "pk": 86, "fields": {"content_type": 8, "object_id": 56, "text": "<p>\u5927\u5bb6\u4f19</p>", "comment_time": "2018-12-25T13:35:48.921", "user": 1, "root": null, "parent": null, "reply_to": null}}, {"model": "comment.comment", "pk": 87, "fields": {"content_type": 8, "object_id": 56, "text": "<p>\u5321</p>", "comment_time": "2018-12-25T13:37:45.376", "user": 1, "root": null, "parent": null, "reply_to": null}}, {"model": "comment.comment", "pk": 88, "fields": {"content_type": 8, "object_id": 56, "text": "<p>\u5321</p>", "comment_time": "2018-12-25T13:39:29.686", "user": 1, "root": null, "parent": null, "reply_to": null}}, {"model": "comment.comment", "pk": 89, "fields": {"content_type": 8, "object_id": 56, "text": "<p>\u4f60\u4eec\u597d</p>", "comment_time": "2018-12-25T13:39:56.846", "user": 1, "root": 88, "parent": 88, "reply_to": 1}}, {"model": "comment.comment", "pk": 90, "fields": {"content_type": 8, "object_id": 58, "text": "<p>\u6211\u662f\u5955\u81e3\u54e5\u54e5</p>", "comment_time": "2018-12-26T09:12:45.349", "user": 1, "root": null, "parent": null, "reply_to": null}}, {"model": "comment.comment", "pk": 91, "fields": {"content_type": 8, "object_id": 58, "text": "<p>\u5c31\u662f\u6211</p>", "comment_time": "2018-12-26T09:12:51.755", "user": 1, "root": 90, "parent": 90, "reply_to": 1}}, {"model": "comment.comment", "pk": 92, "fields": {"content_type": 8, "object_id": 58, "text": "<p>\u8fd8\u662f\u6211</p>", "comment_time": "2018-12-26T09:12:57.061", "user": 1, "root": 90, "parent": 91, "reply_to": 1}}, {"model": "comment.comment", "pk": 93, "fields": {"content_type": 8, "object_id": 58, "text": "<p>\u5168\u90e8\u662f\u90fd\u662f</p>", "comment_time": "2018-12-26T09:13:01.698", "user": 1, "root": null, "parent": null, "reply_to": null}}, {"model": "comment.comment", "pk": 94, "fields": {"content_type": 8, "object_id": 57, "text": "<p>nimen</p>", "comment_time": "2018-12-28T03:47:17.781", "user": 1, "root": null, "parent": null, "reply_to": null}}, {"model": "comment.comment", "pk": 95, "fields": {"content_type": 8, "object_id": 57, "text": "<p>nimen</p>", "comment_time": "2018-12-28T03:47:50.795", "user": 1, "root": null, "parent": null, "reply_to": null}}, {"model": "comment.comment", "pk": 96, "fields": {"content_type": 8, "object_id": 57, "text": "<p>nimen</p>", "comment_time": "2018-12-28T03:49:40.144", "user": 1, "root": 67, "parent": 67, "reply_to": 1}}, {"model": "comment.comment", "pk": 97, "fields": {"content_type": 8, "object_id": 57, "text": "<p>\u5927\u5bb6\u597d</p>", "comment_time": "2018-12-28T03:51:38.758", "user": 1, "root": null, "parent": null, "reply_to": null}}, {"model": "comment.comment", "pk": 98, "fields": {"content_type": 8, "object_id": 57, "text": "<p>\u591a\u7ebf\u7a0b\u53d1\u73b0\u90ae\u4ef6\u901a\u77e5</p>", "comment_time": "2018-12-28T03:58:21.626", "user": 1, "root": null, "parent": null, "reply_to": null}}, {"model": "comment.comment", "pk": 99, "fields": {"content_type": 8, "object_id": 57, "text": "<p>\u591a\u7ebf\u7a0b\u56de\u590d</p>", "comment_time": "2018-12-28T03:58:47.703", "user": 1, "root": 98, "parent": 98, "reply_to": 1}}, {"model": "comment.comment", "pk": 100, "fields": {"content_type": 8, "object_id": 57, "text": "<p>\u591a\u7ebf\u7a0b\u53d1\u73b0\u90ae\u4ef6\u901a\u77e5</p>", "comment_time": "2018-12-28T04:01:52.362", "user": 1, "root": null, "parent": null, "reply_to": null}}, {"model": "comment.comment", "pk": 101, "fields": {"content_type": 8, "object_id": 57, "text": "<p>\u591a\u7ebf\u7a0b\u56de\u590d</p>", "comment_time": "2018-12-28T04:02:00.171", "user": 1, "root": 100, "parent": 100, "reply_to": 1}}, {"model": "comment.comment", "pk": 102, "fields": {"content_type": 8, "object_id": 57, "text": "<p>html\u6a21\u677f\u53d1\u9001\u90ae\u4ef6</p>", "comment_time": "2018-12-28T04:09:41.083", "user": 1, "root": null, "parent": null, "reply_to": null}}, {"model": "comment.comment", "pk": 103, "fields": {"content_type": 8, "object_id": 57, "text": "<p>html\u6a21\u677f\u53d1\u9001\u90ae\u4ef6</p>", "comment_time": "2018-12-28T04:11:57.497", "user": 1, "root": null, "parent": null, "reply_to": null}}, {"model": "comment.comment", "pk": 104, "fields": {"content_type": 8, "object_id": 57, "text": "<p>html</p>", "comment_time": "2018-12-28T04:12:20.505", "user": 1, "root": null, "parent": null, "reply_to": null}}, {"model": "comment.comment", "pk": 105, "fields": {"content_type": 8, "object_id": 57, "text": "<p>hahah</p>", "comment_time": "2018-12-28T04:13:22.478", "user": 1, "root": null, "parent": null, "reply_to": null}}, {"model": "comment.comment", "pk": 106, "fields": {"content_type": 8, "object_id": 57, "text": "<p>\u6d4b\u8bd5safe</p>", "comment_time": "2018-12-28T04:15:43.005", "user": 1, "root": null, "parent": null, "reply_to": null}}, {"model": "comment.comment", "pk": 107, "fields": {"content_type": 8, "object_id": 57, "text": "<p>\u5c06\u767b\u5f55\u4e0e\u6ce8\u518c\u64cd\u4f5c\u7b49\u6587\u4ef6\u96c6\u6210\u5728user app\u4e2d\uff0c\u5c06login_modal_form\u505a\u6210\u5168\u5c40\u53d8\u91cf\u4f9b\u9875\u9762\u4f7f\u7528&rdquo;</p>\r\n\r\n<p><u>\u5927\u4e09\u5927\u56db\u90fd\u6492</u></p>\r\n\r\n<p><u><sup>\u5927\u58f0\u9053\u6492</sup></u></p>\r\n\r\n<p>&nbsp;</p>", "comment_time": "2018-12-28T04:18:41.115", "user": 1, "root": null, "parent": null, "reply_to": null}}, {"model": "comment.comment", "pk": 108, "fields": {"content_type": 8, "object_id": 57, "text": "<p>\u5927\u5bb6\u597d\u624d\u662f\u771f\u7684\u597d</p>", "comment_time": "2018-12-28T17:05:01.667", "user": 6, "root": 25, "parent": 25, "reply_to": 1}}, {"model": "comment.comment", "pk": 109, "fields": {"content_type": 8, "object_id": 59, "text": "<p>nimenhaoi</p>", "comment_time": "2019-01-02T11:54:04.056", "user": 1, "root": null, "parent": null, "reply_to": null}}, {"model": "comment.comment", "pk": 110, "fields": {"content_type": 8, "object_id": 59, "text": "<p>dajiaho&nbsp;</p>", "comment_time": "2019-01-02T11:56:21.015", "user": 1, "root": null, "parent": null, "reply_to": null}}, {"model": "comment.comment", "pk": 111, "fields": {"content_type": 8, "object_id": 59, "text": "<p>fsadfs&nbsp;</p>", "comment_time": "2019-01-02T11:56:23.194", "user": 1, "root": null, "parent": null, "reply_to": null}}, {"model": "comment.comment", "pk": 112, "fields": {"content_type": 8, "object_id": 59, "text": "<p>fasdfasdf</p>", "comment_time": "2019-01-02T11:56:24.545", "user": 1, "root": null, "parent": null, "reply_to": null}}, {"model": "comment.comment", "pk": 113, "fields": {"content_type": 8, "object_id": 59, "text": "<p>mi,rmj</p>", "comment_time": "2019-01-02T20:16:04.600", "user": 1, "root": null, "parent": null, "reply_to": null}}, {"model": "comment.comment", "pk": 114, "fields": {"content_type": 8, "object_id": 59, "text": "<p>fasdfasdf&nbsp;</p>", "comment_time": "2019-01-02T20:19:59.614", "user": 1, "root": null, "parent": null, "reply_to": null}}, {"model": "comment.comment", "pk": 115, "fields": {"content_type": 8, "object_id": 59, "text": "<p>\u4f60\u4eec\u597d</p>", "comment_time": "2019-01-02T21:21:44.290", "user": 1, "root": 114, "parent": 114, "reply_to": 1}}, {"model": "comment.comment", "pk": 116, "fields": {"content_type": 8, "object_id": 3, "text": "<p>dasd&nbsp;</p>", "comment_time": "2019-01-03T19:32:25.787", "user": 1, "root": null, "parent": null, "reply_to": null}}, {"model": "comment.comment", "pk": 117, "fields": {"content_type": 8, "object_id": 3, "text": "<p>dasdasd</p>", "comment_time": "2019-01-03T19:32:30.235", "user": 1, "root": 116, "parent": 116, "reply_to": 1}}, {"model": "likes.likerecord", "pk": 20, "fields": {"content_type": 8, "object_id": 57, "user": 1, "liked_time": "2018-12-25T13:00:29.852"}}, {"model": "likes.likerecord", "pk": 21, "fields": {"content_type": 8, "object_id": 58, "user": 1, "liked_time": "2018-12-25T13:00:35.644"}}, {"model": "likes.likerecord", "pk": 22, "fields": {"content_type": 13, "object_id": 67, "user": 1, "liked_time": "2018-12-25T13:03:22.267"}}, {"model": "likes.likerecord", "pk": 23, "fields": {"content_type": 13, "object_id": 66, "user": 1, "liked_time": "2018-12-25T13:03:26.641"}}, {"model": "likes.likerecord", "pk": 24, "fields": {"content_type": 13, "object_id": 62, "user": 1, "liked_time": "2018-12-25T13:04:23.051"}}, {"model": "likes.likerecord", "pk": 32, "fields": {"content_type": 13, "object_id": 75, "user": 1, "liked_time": "2018-12-25T13:10:46.523"}}, {"model": "likes.likerecord", "pk": 37, "fields": {"content_type": 13, "object_id": 89, "user": 1, "liked_time": "2018-12-25T13:39:58.792"}}, {"model": "likes.likerecord", "pk": 38, "fields": {"content_type": 13, "object_id": 88, "user": 1, "liked_time": "2018-12-25T13:39:59.672"}}, {"model": "likes.likerecord", "pk": 39, "fields": {"content_type": 8, "object_id": 56, "user": 1, "liked_time": "2018-12-25T13:40:02.695"}}, {"model": "likes.likerecord", "pk": 40, "fields": {"content_type": 13, "object_id": 12, "user": 1, "liked_time": "2018-12-25T14:09:21.711"}}, {"model": "likes.likerecord", "pk": 41, "fields": {"content_type": 13, "object_id": 10, "user": 1, "liked_time": "2018-12-25T14:11:51.004"}}, {"model": "likes.likerecord", "pk": 42, "fields": {"content_type": 13, "object_id": 9, "user": 1, "liked_time": "2018-12-25T14:11:51.827"}}, {"model": "likes.likerecord", "pk": 43, "fields": {"content_type": 13, "object_id": 26, "user": 1, "liked_time": "2018-12-26T11:53:36.937"}}, {"model": "likes.likerecord", "pk": 44, "fields": {"content_type": 13, "object_id": 27, "user": 1, "liked_time": "2018-12-26T11:53:37.784"}}, {"model": "likes.likerecord", "pk": 45, "fields": {"content_type": 13, "object_id": 64, "user": 1, "liked_time": "2018-12-28T04:18:06.077"}}, {"model": "likes.likerecord", "pk": 46, "fields": {"content_type": 13, "object_id": 25, "user": 6, "liked_time": "2018-12-28T17:04:50.464"}}, {"model": "likes.likerecord", "pk": 47, "fields": {"content_type": 13, "object_id": 114, "user": 1, "liked_time": "2019-01-02T21:21:39.563"}}, {"model": "likes.likerecord", "pk": 48, "fields": {"content_type": 13, "object_id": 116, "user": 1, "liked_time": "2019-01-03T19:32:27.305"}}, {"model": "user.profile", "pk": 1, "fields": {"user": 1, "nickname": "Eachen Bro"}}, {"model": "user.profile", "pk": 2, "fields": {"user": 4, "nickname": "\u5955\u81e32\u53f7"}}, {"model": "admin.logentry", "pk": 1, "fields": {"action_time": "2018-12-18T08:30:10.163", "user": 1, "content_type": 7, "object_id": "1", "object_repr": "Article object (1)", "action_flag": 1, "change_message": "[{\"added\": {}}]"}}, {"model": "admin.logentry", "pk": 2, "fields": {"action_time": "2018-12-18T08:30:20.659", "user": 1, "content_type": 7, "object_id": "2", "object_repr": "Article object (2)", "action_flag": 1, "change_message": "[{\"added\": {}}]"}}, {"model": "admin.logentry", "pk": 3, "fields": {"action_time": "2018-12-18T09:14:51.541", "user": 1, "content_type": 7, "object_id": "3", "object_repr": "<Article: three>", "action_flag": 1, "change_message": "[{\"added\": {}}]"}}, {"model": "admin.logentry", "pk": 4, "fields": {"action_time": "2018-12-18T09:14:56.794", "user": 1, "content_type": 7, "object_id": "4", "object_repr": "<Article: four>", "action_flag": 1, "change_message": "[{\"added\": {}}]"}}, {"model": "admin.logentry", "pk": 5, "fields": {"action_time": "2018-12-18T09:39:09.396", "user": 1, "content_type": 7, "object_id": "1", "object_repr": "<Article: \u6211\u662f\u6d4b\u8bd5\u7b2c\u4e00\u7bc7>", "action_flag": 2, "change_message": "[]"}}, {"model": "admin.logentry", "pk": 6, "fields": {"action_time": "2018-12-18T09:53:29.202", "user": 1, "content_type": 7, "object_id": "2", "object_repr": "<Article: \u6211\u662f\u7b2c\u4e8c\u7bc7>", "action_flag": 2, "change_message": "[{\"changed\": {\"fields\": [\"is_deleted\"]}}]"}}, {"model": "admin.logentry", "pk": 7, "fields": {"action_time": "2018-12-18T11:28:30.070", "user": 1, "content_type": 9, "object_id": "1", "object_repr": "BlogType object (1)", "action_flag": 1, "change_message": "[{\"added\": {}}]"}}, {"model": "admin.logentry", "pk": 8, "fields": {"action_time": "2018-12-18T11:28:33.638", "user": 1, "content_type": 9, "object_id": "1", "object_repr": "BlogType object (1)", "action_flag": 2, "change_message": "[]"}}, {"model": "admin.logentry", "pk": 9, "fields": {"action_time": "2018-12-18T11:28:43.180", "user": 1, "content_type": 9, "object_id": "2", "object_repr": "BlogType object (2)", "action_flag": 1, "change_message": "[{\"added\": {}}]"}}, {"model": "admin.logentry", "pk": 10, "fields": {"action_time": "2018-12-18T11:28:46.272", "user": 1, "content_type": 9, "object_id": "3", "object_repr": "BlogType object (3)", "action_flag": 1, "change_message": "[{\"added\": {}}]"}}, {"model": "admin.logentry", "pk": 11, "fields": {"action_time": "2018-12-18T11:29:23.725", "user": 1, "content_type": 8, "object_id": "1", "object_repr": "Blog object (1)", "action_flag": 1, "change_message": "[{\"added\": {}}]"}}, {"model": "admin.logentry", "pk": 12, "fields": {"action_time": "2018-12-18T11:31:07.475", "user": 1, "content_type": 8, "object_id": "2", "object_repr": "<Blog: \u7b2c\u4e8c\u76d8\u535a\u5ba2>", "action_flag": 1, "change_message": "[{\"added\": {}}]"}}, {"model": "admin.logentry", "pk": 13, "fields": {"action_time": "2018-12-19T02:47:53.197", "user": 1, "content_type": 8, "object_id": "2", "object_repr": "<Blog: \u7b2c\u4e8c\u76d8\u535a\u5ba2>", "action_flag": 3, "change_message": ""}}, {"model": "admin.logentry", "pk": 14, "fields": {"action_time": "2018-12-19T02:47:53.322", "user": 1, "content_type": 8, "object_id": "1", "object_repr": "<Blog: \u7b2c\u4e00\u7bc7\u535a\u5ba2>", "action_flag": 3, "change_message": ""}}, {"model": "admin.logentry", "pk": 15, "fields": {"action_time": "2018-12-19T02:49:42.232", "user": 1, "content_type": 8, "object_id": "3", "object_repr": "<Blog: \u8fd9\u662f\u4e00\u7bc7\u957f\u5fae\u535a>", "action_flag": 1, "change_message": "[{\"added\": {}}]"}}, {"model": "admin.logentry", "pk": 16, "fields": {"action_time": "2018-12-19T03:08:21.027", "user": 1, "content_type": 8, "object_id": "4", "object_repr": "<Blog: \u968f\u7b14>", "action_flag": 1, "change_message": "[{\"added\": {}}]"}}, {"model": "admin.logentry", "pk": 17, "fields": {"action_time": "2018-12-19T03:08:28.777", "user": 1, "content_type": 8, "object_id": "5", "object_repr": "<Blog: \u968f\u7b143>", "action_flag": 1, "change_message": "[{\"added\": {}}]"}}, {"model": "admin.logentry", "pk": 18, "fields": {"action_time": "2018-12-19T03:08:35.990", "user": 1, "content_type": 8, "object_id": "6", "object_repr": "<Blog: D\u6848\u4ef6\u6848\u5171>", "action_flag": 1, "change_message": "[{\"added\": {}}]"}}, {"model": "admin.logentry", "pk": 19, "fields": {"action_time": "2018-12-19T12:12:49.039", "user": 1, "content_type": 8, "object_id": "7", "object_repr": "<Blog: D\u6848\u4ef6\u6848\u5171>", "action_flag": 1, "change_message": "[{\"added\": {}}]"}}, {"model": "admin.logentry", "pk": 20, "fields": {"action_time": "2018-12-20T11:39:33.340", "user": 1, "content_type": 8, "object_id": "4", "object_repr": "<Blog: \u968f\u7b14>", "action_flag": 2, "change_message": "[{\"changed\": {\"fields\": [\"content\"]}}]"}}, {"model": "admin.logentry", "pk": 21, "fields": {"action_time": "2018-12-20T12:03:01.774", "user": 1, "content_type": 8, "object_id": "3", "object_repr": "<Blog: \u8fd9\u662f\u4e00\u7bc7\u957f\u5fae\u535a>", "action_flag": 2, "change_message": "[{\"changed\": {\"fields\": [\"content\"]}}]"}}, {"model": "admin.logentry", "pk": 22, "fields": {"action_time": "2018-12-20T12:06:21.392", "user": 1, "content_type": 8, "object_id": "3", "object_repr": "<Blog: \u8fd9\u662f\u4e00\u7bc7\u957f\u5fae\u535a>", "action_flag": 2, "change_message": "[]"}}, {"model": "admin.logentry", "pk": 23, "fields": {"action_time": "2018-12-20T12:20:23.879", "user": 1, "content_type": 8, "object_id": "24", "object_repr": "<Blog: for 15>", "action_flag": 2, "change_message": "[{\"changed\": {\"fields\": [\"content\"]}}]"}}, {"model": "admin.logentry", "pk": 24, "fields": {"action_time": "2018-12-20T12:23:17.144", "user": 1, "content_type": 8, "object_id": "24", "object_repr": "<Blog: for 15>", "action_flag": 2, "change_message": "[]"}}, {"model": "admin.logentry", "pk": 25, "fields": {"action_time": "2018-12-20T12:28:27.768", "user": 1, "content_type": 8, "object_id": "58", "object_repr": "<Blog: for 49>", "action_flag": 2, "change_message": "[{\"changed\": {\"fields\": [\"content\"]}}]"}}, {"model": "admin.logentry", "pk": 26, "fields": {"action_time": "2018-12-20T12:38:38.037", "user": 1, "content_type": 8, "object_id": "58", "object_repr": "<Blog: for 49>", "action_flag": 2, "change_message": "[]"}}, {"model": "admin.logentry", "pk": 27, "fields": {"action_time": "2018-12-20T12:40:02.800", "user": 1, "content_type": 8, "object_id": "5", "object_repr": "<Blog: \u968f\u7b143>", "action_flag": 2, "change_message": "[{\"changed\": {\"fields\": [\"content\"]}}]"}}, {"model": "admin.logentry", "pk": 28, "fields": {"action_time": "2018-12-21T02:52:04.024", "user": 1, "content_type": 10, "object_id": "1", "object_repr": "ReadNum object (1)", "action_flag": 1, "change_message": "[{\"added\": {}}]"}}, {"model": "admin.logentry", "pk": 29, "fields": {"action_time": "2018-12-21T03:36:27.388", "user": 1, "content_type": 11, "object_id": "1", "object_repr": "ReadNum object (1)", "action_flag": 1, "change_message": "[{\"added\": {}}]"}}, {"model": "admin.logentry", "pk": 30, "fields": {"action_time": "2018-12-21T07:50:21.291", "user": 1, "content_type": 12, "object_id": "1", "object_repr": "ReadDetail object (1)", "action_flag": 1, "change_message": "[{\"added\": {}}]"}}, {"model": "admin.logentry", "pk": 31, "fields": {"action_time": "2018-12-21T07:50:49.497", "user": 1, "content_type": 12, "object_id": "1", "object_repr": "ReadDetail object (1)", "action_flag": 2, "change_message": "[{\"changed\": {\"fields\": [\"object_id\"]}}]"}}, {"model": "admin.logentry", "pk": 32, "fields": {"action_time": "2018-12-21T09:33:49.976", "user": 1, "content_type": 12, "object_id": "4", "object_repr": "ReadDetail object (4)", "action_flag": 1, "change_message": "[{\"added\": {}}]"}}, {"model": "admin.logentry", "pk": 33, "fields": {"action_time": "2018-12-22T07:09:39.997", "user": 1, "content_type": 13, "object_id": "1", "object_repr": "Comment object (1)", "action_flag": 1, "change_message": "[{\"added\": {}}]"}}, {"model": "admin.logentry", "pk": 34, "fields": {"action_time": "2018-12-22T13:05:14.348", "user": 1, "content_type": 4, "object_id": "3", "object_repr": "4234", "action_flag": 3, "change_message": ""}}, {"model": "admin.logentry", "pk": 35, "fields": {"action_time": "2018-12-22T13:05:14.437", "user": 1, "content_type": 4, "object_id": "2", "object_repr": "test01", "action_flag": 3, "change_message": ""}}, {"model": "admin.logentry", "pk": 36, "fields": {"action_time": "2018-12-24T11:36:42.513", "user": 1, "content_type": 13, "object_id": "2", "object_repr": "Comment object (2)", "action_flag": 2, "change_message": "[{\"changed\": {\"fields\": [\"text\", \"parent_id\"]}}]"}}, {"model": "admin.logentry", "pk": 37, "fields": {"action_time": "2018-12-24T11:50:53.989", "user": 1, "content_type": 13, "object_id": "11", "object_repr": "\u5594\u5537\u597d\u5594\u5537\u597d\u5594\u5537\u597d\u5594\u5537\u597d\u5594\u5537\u597d\u5594\u5537\u597d\u5594\u5537\u597d\u5594\u5537\u597d\u5594\u5537\u597d\u5594\u5537\u597d\u5594\u5537\u597d\u5594\u5537\u597d\u5594\u5537\u597d\u5594\u5537\u597d\u5594\u5537\u597d\u5594\u5537\u597d\u5594\u5537\u597d\u5594\u5537\u597d\u5594\u5537\u597d\u5594\u5537\u597d\u5594\u5537\u597d\u5594\u5537\u597d\u5594\u5537\u597d\u5594\u5537\u597d\u5594\u5537\u597d\u5594\u5537\u597d\u5594\u5537\u597d\u5594\u5537\u597d\u5594\u5537\u597d\u5594\u5537\u597d\u5594\u5537\u597d\u5594\u5537\u597d\u5594\u5537\u597d\u5594\u5537\u597d\u5594\u5537\u597d\u5594\u5537\u597d\u5594\u5537\u597d\u5594\u5537\u597d\u5594\u5537\u597d\u5594\u5537\u597d\u5594\u5537\u597d\u5594\u5537\u597d\u5594\u5537\u597d\u5594\u5537\u597d\u5594\u5537\u597d\u5594\u5537\u597d\u5594\u5537\u597d\u5594\u5537\u597d\u5594\u5537\u597d\u5594\u5537\u597d\u5594\u5537\u597d\u5594\u5537\u597d\u5594\u5537\u597d\u5594\u5537\u597d\u5594\u5537\u597d\u5594\u5537\u597d\u5594\u5537\u597d\u5594\u5537\u597d\u5594\u5537\u597d\u5594\u5537\u597d\u5594\u5537\u597d\u5594\u5537\u597d\u5594\u5537\u597d\u5594\u5537\u597d\u5594\u5537\u597d\u5594\u5537\u597d\u5594\u5537", "action_flag": 3, "change_message": ""}}, {"model": "admin.logentry", "pk": 38, "fields": {"action_time": "2018-12-24T11:51:01.635", "user": 1, "content_type": 13, "object_id": "17", "object_repr": "<p><strong>kaung</strong></p>\r\n\r\n<p><u><strong>gsdfg&nbsp;</strong></u></p>\r\n\r\n<blockquote>\r\n<p><span style=\"color:#3498db\">hfg&nbsp;jghfjghfj</span></p>\r\n</blockquote>\r\n\r\n<p><span style=\"color:#3498d", "action_flag": 3, "change_message": ""}}, {"model": "admin.logentry", "pk": 39, "fields": {"action_time": "2018-12-24T11:51:45.009", "user": 1, "content_type": 13, "object_id": "41", "object_repr": "<p>456</p>", "action_flag": 2, "change_message": "[{\"changed\": {\"fields\": [\"root\", \"parent\", \"reply_to\"]}}]"}}, {"model": "admin.logentry", "pk": 40, "fields": {"action_time": "2018-12-25T04:06:48.334", "user": 1, "content_type": 4, "object_id": "2", "object_repr": "test01", "action_flag": 3, "change_message": ""}}, {"model": "admin.logentry", "pk": 41, "fields": {"action_time": "2018-12-25T12:33:39.890", "user": 1, "content_type": 15, "object_id": "4", "object_repr": "LikeCount object (4)", "action_flag": 3, "change_message": ""}}, {"model": "admin.logentry", "pk": 42, "fields": {"action_time": "2018-12-25T12:33:39.982", "user": 1, "content_type": 15, "object_id": "3", "object_repr": "LikeCount object (3)", "action_flag": 3, "change_message": ""}}, {"model": "admin.logentry", "pk": 43, "fields": {"action_time": "2018-12-25T12:33:40.099", "user": 1, "content_type": 15, "object_id": "2", "object_repr": "LikeCount object (2)", "action_flag": 3, "change_message": ""}}, {"model": "admin.logentry", "pk": 44, "fields": {"action_time": "2018-12-25T12:33:40.182", "user": 1, "content_type": 15, "object_id": "1", "object_repr": "LikeCount object (1)", "action_flag": 3, "change_message": ""}}, {"model": "admin.logentry", "pk": 45, "fields": {"action_time": "2018-12-25T12:33:48.242", "user": 1, "content_type": 14, "object_id": "4", "object_repr": "LikeRecord object (4)", "action_flag": 3, "change_message": ""}}, {"model": "admin.logentry", "pk": 46, "fields": {"action_time": "2018-12-25T12:33:48.450", "user": 1, "content_type": 14, "object_id": "3", "object_repr": "LikeRecord object (3)", "action_flag": 3, "change_message": ""}}, {"model": "admin.logentry", "pk": 47, "fields": {"action_time": "2018-12-25T12:33:48.644", "user": 1, "content_type": 14, "object_id": "2", "object_repr": "LikeRecord object (2)", "action_flag": 3, "change_message": ""}}, {"model": "admin.logentry", "pk": 48, "fields": {"action_time": "2018-12-25T12:33:48.744", "user": 1, "content_type": 14, "object_id": "1", "object_repr": "LikeRecord object (1)", "action_flag": 3, "change_message": ""}}, {"model": "admin.logentry", "pk": 49, "fields": {"action_time": "2018-12-25T12:35:58.288", "user": 1, "content_type": 14, "object_id": "5", "object_repr": "LikeRecord object (5)", "action_flag": 3, "change_message": ""}}, {"model": "admin.logentry", "pk": 50, "fields": {"action_time": "2018-12-25T12:49:59.201", "user": 1, "content_type": 15, "object_id": "14", "object_repr": "LikeCount object (14)", "action_flag": 3, "change_message": ""}}, {"model": "admin.logentry", "pk": 51, "fields": {"action_time": "2018-12-25T12:49:59.311", "user": 1, "content_type": 15, "object_id": "13", "object_repr": "LikeCount object (13)", "action_flag": 3, "change_message": ""}}, {"model": "admin.logentry", "pk": 52, "fields": {"action_time": "2018-12-25T12:49:59.443", "user": 1, "content_type": 15, "object_id": "12", "object_repr": "LikeCount object (12)", "action_flag": 3, "change_message": ""}}, {"model": "admin.logentry", "pk": 53, "fields": {"action_time": "2018-12-25T12:49:59.669", "user": 1, "content_type": 15, "object_id": "11", "object_repr": "LikeCount object (11)", "action_flag": 3, "change_message": ""}}, {"model": "admin.logentry", "pk": 54, "fields": {"action_time": "2018-12-25T12:49:59.785", "user": 1, "content_type": 15, "object_id": "10", "object_repr": "LikeCount object (10)", "action_flag": 3, "change_message": ""}}, {"model": "admin.logentry", "pk": 55, "fields": {"action_time": "2018-12-25T12:49:59.877", "user": 1, "content_type": 15, "object_id": "9", "object_repr": "LikeCount object (9)", "action_flag": 3, "change_message": ""}}, {"model": "admin.logentry", "pk": 56, "fields": {"action_time": "2018-12-25T12:49:59.977", "user": 1, "content_type": 15, "object_id": "8", "object_repr": "LikeCount object (8)", "action_flag": 3, "change_message": ""}}, {"model": "admin.logentry", "pk": 57, "fields": {"action_time": "2018-12-25T12:50:00.070", "user": 1, "content_type": 15, "object_id": "7", "object_repr": "LikeCount object (7)", "action_flag": 3, "change_message": ""}}, {"model": "admin.logentry", "pk": 58, "fields": {"action_time": "2018-12-25T12:50:00.171", "user": 1, "content_type": 15, "object_id": "6", "object_repr": "LikeCount object (6)", "action_flag": 3, "change_message": ""}}, {"model": "admin.logentry", "pk": 59, "fields": {"action_time": "2018-12-25T12:50:00.286", "user": 1, "content_type": 15, "object_id": "5", "object_repr": "LikeCount object (5)", "action_flag": 3, "change_message": ""}}, {"model": "admin.logentry", "pk": 60, "fields": {"action_time": "2018-12-25T12:50:07.304", "user": 1, "content_type": 14, "object_id": "9", "object_repr": "LikeRecord object (9)", "action_flag": 3, "change_message": ""}}, {"model": "admin.logentry", "pk": 61, "fields": {"action_time": "2018-12-25T12:50:07.404", "user": 1, "content_type": 14, "object_id": "7", "object_repr": "LikeRecord object (7)", "action_flag": 3, "change_message": ""}}, {"model": "admin.logentry", "pk": 62, "fields": {"action_time": "2018-12-25T12:50:07.496", "user": 1, "content_type": 14, "object_id": "6", "object_repr": "LikeRecord object (6)", "action_flag": 3, "change_message": ""}}, {"model": "admin.logentry", "pk": 63, "fields": {"action_time": "2018-12-25T12:54:22.876", "user": 1, "content_type": 15, "object_id": "24", "object_repr": "LikeCount object (24)", "action_flag": 3, "change_message": ""}}, {"model": "admin.logentry", "pk": 64, "fields": {"action_time": "2018-12-25T12:54:23.071", "user": 1, "content_type": 15, "object_id": "23", "object_repr": "LikeCount object (23)", "action_flag": 3, "change_message": ""}}, {"model": "admin.logentry", "pk": 65, "fields": {"action_time": "2018-12-25T12:54:23.188", "user": 1, "content_type": 15, "object_id": "22", "object_repr": "LikeCount object (22)", "action_flag": 3, "change_message": ""}}, {"model": "admin.logentry", "pk": 66, "fields": {"action_time": "2018-12-25T12:54:23.296", "user": 1, "content_type": 15, "object_id": "21", "object_repr": "LikeCount object (21)", "action_flag": 3, "change_message": ""}}, {"model": "admin.logentry", "pk": 67, "fields": {"action_time": "2018-12-25T12:54:23.396", "user": 1, "content_type": 15, "object_id": "20", "object_repr": "LikeCount object (20)", "action_flag": 3, "change_message": ""}}, {"model": "admin.logentry", "pk": 68, "fields": {"action_time": "2018-12-25T12:54:23.487", "user": 1, "content_type": 15, "object_id": "19", "object_repr": "LikeCount object (19)", "action_flag": 3, "change_message": ""}}, {"model": "admin.logentry", "pk": 69, "fields": {"action_time": "2018-12-25T12:54:23.588", "user": 1, "content_type": 15, "object_id": "18", "object_repr": "LikeCount object (18)", "action_flag": 3, "change_message": ""}}, {"model": "admin.logentry", "pk": 70, "fields": {"action_time": "2018-12-25T12:54:23.706", "user": 1, "content_type": 15, "object_id": "17", "object_repr": "LikeCount object (17)", "action_flag": 3, "change_message": ""}}, {"model": "admin.logentry", "pk": 71, "fields": {"action_time": "2018-12-25T12:54:23.813", "user": 1, "content_type": 15, "object_id": "16", "object_repr": "LikeCount object (16)", "action_flag": 3, "change_message": ""}}, {"model": "admin.logentry", "pk": 72, "fields": {"action_time": "2018-12-25T12:54:23.920", "user": 1, "content_type": 15, "object_id": "15", "object_repr": "LikeCount object (15)", "action_flag": 3, "change_message": ""}}, {"model": "admin.logentry", "pk": 73, "fields": {"action_time": "2018-12-25T12:56:55.283", "user": 1, "content_type": 15, "object_id": "26", "object_repr": "LikeCount object (26)", "action_flag": 3, "change_message": ""}}, {"model": "admin.logentry", "pk": 74, "fields": {"action_time": "2018-12-25T12:56:55.464", "user": 1, "content_type": 15, "object_id": "25", "object_repr": "LikeCount object (25)", "action_flag": 3, "change_message": ""}}, {"model": "admin.logentry", "pk": 75, "fields": {"action_time": "2018-12-25T12:57:10.036", "user": 1, "content_type": 14, "object_id": "14", "object_repr": "LikeRecord object (14)", "action_flag": 3, "change_message": ""}}, {"model": "admin.logentry", "pk": 76, "fields": {"action_time": "2018-12-25T12:57:10.204", "user": 1, "content_type": 14, "object_id": "12", "object_repr": "LikeRecord object (12)", "action_flag": 3, "change_message": ""}}, {"model": "admin.logentry", "pk": 77, "fields": {"action_time": "2018-12-26T07:53:52.765", "user": 1, "content_type": 4, "object_id": "1", "object_repr": "eachen", "action_flag": 2, "change_message": "[{\"changed\": {\"fields\": [\"last_login\"]}}, {\"added\": {\"name\": \"profile\", \"object\": \"<Profile: \\u5321\\u5955\\u81e3 for eachen>\"}}]"}}, {"model": "admin.logentry", "pk": 78, "fields": {"action_time": "2018-12-26T11:05:53.248", "user": 1, "content_type": 4, "object_id": "5", "object_repr": "test1", "action_flag": 2, "change_message": "[{\"changed\": {\"fields\": [\"email\", \"last_login\"]}}]"}}, {"model": "admin.logentry", "pk": 79, "fields": {"action_time": "2018-12-26T11:06:04.839", "user": 1, "content_type": 4, "object_id": "4", "object_repr": "eachen1", "action_flag": 2, "change_message": "[{\"changed\": {\"fields\": [\"email\", \"last_login\"]}}]"}}, {"model": "admin.logentry", "pk": 80, "fields": {"action_time": "2018-12-26T11:38:43.600", "user": 1, "content_type": 4, "object_id": "1", "object_repr": "eachen", "action_flag": 2, "change_message": "[{\"changed\": {\"fields\": [\"email\", \"last_login\"]}}]"}}, {"model": "admin.logentry", "pk": 81, "fields": {"action_time": "2018-12-26T11:39:05.444", "user": 1, "content_type": 4, "object_id": "4", "object_repr": "eachen1", "action_flag": 2, "change_message": "[{\"changed\": {\"fields\": [\"is_staff\", \"is_superuser\", \"last_login\"]}}]"}}, {"model": "admin.logentry", "pk": 82, "fields": {"action_time": "2019-01-02T19:24:12.463", "user": 1, "content_type": 8, "object_id": "59", "object_repr": "<Blog: \u8fd9\u662f\u65b0\u5e74\u7684\u7b2c\u4e00\u7bc7>", "action_flag": 1, "change_message": "[{\"added\": {}}]"}}, {"model": "admin.logentry", "pk": 83, "fields": {"action_time": "2019-01-02T12:07:34.515", "user": 1, "content_type": 8, "object_id": "58", "object_repr": "<Blog: for 49>", "action_flag": 3, "change_message": ""}}, {"model": "admin.logentry", "pk": 84, "fields": {"action_time": "2019-01-02T12:07:34.578", "user": 1, "content_type": 8, "object_id": "57", "object_repr": "<Blog: for 48>", "action_flag": 3, "change_message": ""}}, {"model": "admin.logentry", "pk": 85, "fields": {"action_time": "2019-01-02T12:07:34.636", "user": 1, "content_type": 8, "object_id": "56", "object_repr": "<Blog: for 47>", "action_flag": 3, "change_message": ""}}, {"model": "admin.logentry", "pk": 86, "fields": {"action_time": "2019-01-02T12:07:34.670", "user": 1, "content_type": 8, "object_id": "55", "object_repr": "<Blog: for 46>", "action_flag": 3, "change_message": ""}}, {"model": "admin.logentry", "pk": 87, "fields": {"action_time": "2019-01-02T12:07:34.720", "user": 1, "content_type": 8, "object_id": "54", "object_repr": "<Blog: for 45>", "action_flag": 3, "change_message": ""}}, {"model": "admin.logentry", "pk": 88, "fields": {"action_time": "2019-01-02T12:07:34.754", "user": 1, "content_type": 8, "object_id": "53", "object_repr": "<Blog: for 44>", "action_flag": 3, "change_message": ""}}, {"model": "admin.logentry", "pk": 89, "fields": {"action_time": "2019-01-02T12:07:34.803", "user": 1, "content_type": 8, "object_id": "52", "object_repr": "<Blog: for 43>", "action_flag": 3, "change_message": ""}}, {"model": "admin.logentry", "pk": 90, "fields": {"action_time": "2019-01-02T12:07:34.837", "user": 1, "content_type": 8, "object_id": "51", "object_repr": "<Blog: for 42>", "action_flag": 3, "change_message": ""}}, {"model": "admin.logentry", "pk": 91, "fields": {"action_time": "2019-01-02T12:07:34.895", "user": 1, "content_type": 8, "object_id": "50", "object_repr": "<Blog: for 41>", "action_flag": 3, "change_message": ""}}, {"model": "admin.logentry", "pk": 92, "fields": {"action_time": "2019-01-02T12:07:34.937", "user": 1, "content_type": 8, "object_id": "49", "object_repr": "<Blog: for 40>", "action_flag": 3, "change_message": ""}}, {"model": "admin.logentry", "pk": 93, "fields": {"action_time": "2019-01-02T12:07:35.037", "user": 1, "content_type": 8, "object_id": "48", "object_repr": "<Blog: for 39>", "action_flag": 3, "change_message": ""}}, {"model": "admin.logentry", "pk": 94, "fields": {"action_time": "2019-01-02T12:07:35.128", "user": 1, "content_type": 8, "object_id": "47", "object_repr": "<Blog: for 38>", "action_flag": 3, "change_message": ""}}, {"model": "admin.logentry", "pk": 95, "fields": {"action_time": "2019-01-02T12:07:35.170", "user": 1, "content_type": 8, "object_id": "46", "object_repr": "<Blog: for 37>", "action_flag": 3, "change_message": ""}}, {"model": "admin.logentry", "pk": 96, "fields": {"action_time": "2019-01-02T12:07:35.218", "user": 1, "content_type": 8, "object_id": "45", "object_repr": "<Blog: for 36>", "action_flag": 3, "change_message": ""}}, {"model": "admin.logentry", "pk": 97, "fields": {"action_time": "2019-01-02T12:07:35.279", "user": 1, "content_type": 8, "object_id": "44", "object_repr": "<Blog: for 35>", "action_flag": 3, "change_message": ""}}, {"model": "admin.logentry", "pk": 98, "fields": {"action_time": "2019-01-02T12:07:35.327", "user": 1, "content_type": 8, "object_id": "43", "object_repr": "<Blog: for 34>", "action_flag": 3, "change_message": ""}}, {"model": "admin.logentry", "pk": 99, "fields": {"action_time": "2019-01-02T12:07:35.387", "user": 1, "content_type": 8, "object_id": "42", "object_repr": "<Blog: for 33>", "action_flag": 3, "change_message": ""}}, {"model": "admin.logentry", "pk": 100, "fields": {"action_time": "2019-01-02T12:07:35.429", "user": 1, "content_type": 8, "object_id": "41", "object_repr": "<Blog: for 32>", "action_flag": 3, "change_message": ""}}, {"model": "admin.logentry", "pk": 101, "fields": {"action_time": "2019-01-02T12:07:35.485", "user": 1, "content_type": 8, "object_id": "40", "object_repr": "<Blog: for 31>", "action_flag": 3, "change_message": ""}}, {"model": "admin.logentry", "pk": 102, "fields": {"action_time": "2019-01-02T12:07:35.545", "user": 1, "content_type": 8, "object_id": "39", "object_repr": "<Blog: for 30>", "action_flag": 3, "change_message": ""}}, {"model": "admin.logentry", "pk": 103, "fields": {"action_time": "2019-01-02T12:07:35.601", "user": 1, "content_type": 8, "object_id": "38", "object_repr": "<Blog: for 29>", "action_flag": 3, "change_message": ""}}, {"model": "admin.logentry", "pk": 104, "fields": {"action_time": "2019-01-02T12:07:35.659", "user": 1, "content_type": 8, "object_id": "37", "object_repr": "<Blog: for 28>", "action_flag": 3, "change_message": ""}}, {"model": "admin.logentry", "pk": 105, "fields": {"action_time": "2019-01-02T12:07:35.718", "user": 1, "content_type": 8, "object_id": "36", "object_repr": "<Blog: for 27>", "action_flag": 3, "change_message": ""}}, {"model": "admin.logentry", "pk": 106, "fields": {"action_time": "2019-01-02T12:07:35.778", "user": 1, "content_type": 8, "object_id": "35", "object_repr": "<Blog: for 26>", "action_flag": 3, "change_message": ""}}, {"model": "admin.logentry", "pk": 107, "fields": {"action_time": "2019-01-02T12:07:35.834", "user": 1, "content_type": 8, "object_id": "34", "object_repr": "<Blog: for 25>", "action_flag": 3, "change_message": ""}}, {"model": "admin.logentry", "pk": 108, "fields": {"action_time": "2019-01-02T12:07:35.927", "user": 1, "content_type": 8, "object_id": "33", "object_repr": "<Blog: for 24>", "action_flag": 3, "change_message": ""}}, {"model": "admin.logentry", "pk": 109, "fields": {"action_time": "2019-01-02T12:07:35.984", "user": 1, "content_type": 8, "object_id": "32", "object_repr": "<Blog: for 23>", "action_flag": 3, "change_message": ""}}, {"model": "admin.logentry", "pk": 110, "fields": {"action_time": "2019-01-02T12:07:36.070", "user": 1, "content_type": 8, "object_id": "31", "object_repr": "<Blog: for 22>", "action_flag": 3, "change_message": ""}}, {"model": "admin.logentry", "pk": 111, "fields": {"action_time": "2019-01-02T12:07:36.176", "user": 1, "content_type": 8, "object_id": "30", "object_repr": "<Blog: for 21>", "action_flag": 3, "change_message": ""}}, {"model": "admin.logentry", "pk": 112, "fields": {"action_time": "2019-01-02T12:07:36.255", "user": 1, "content_type": 8, "object_id": "29", "object_repr": "<Blog: for 20>", "action_flag": 3, "change_message": ""}}, {"model": "admin.logentry", "pk": 113, "fields": {"action_time": "2019-01-02T12:07:36.336", "user": 1, "content_type": 8, "object_id": "28", "object_repr": "<Blog: for 19>", "action_flag": 3, "change_message": ""}}, {"model": "admin.logentry", "pk": 114, "fields": {"action_time": "2019-01-02T12:07:36.402", "user": 1, "content_type": 8, "object_id": "27", "object_repr": "<Blog: for 18>", "action_flag": 3, "change_message": ""}}, {"model": "admin.logentry", "pk": 115, "fields": {"action_time": "2019-01-02T12:07:36.518", "user": 1, "content_type": 8, "object_id": "26", "object_repr": "<Blog: for 17>", "action_flag": 3, "change_message": ""}}, {"model": "admin.logentry", "pk": 116, "fields": {"action_time": "2019-01-02T12:07:36.613", "user": 1, "content_type": 8, "object_id": "25", "object_repr": "<Blog: for 16>", "action_flag": 3, "change_message": ""}}, {"model": "admin.logentry", "pk": 117, "fields": {"action_time": "2019-01-02T12:07:36.752", "user": 1, "content_type": 8, "object_id": "24", "object_repr": "<Blog: for 15>", "action_flag": 3, "change_message": ""}}, {"model": "admin.logentry", "pk": 118, "fields": {"action_time": "2019-01-02T12:07:36.829", "user": 1, "content_type": 8, "object_id": "23", "object_repr": "<Blog: for 14>", "action_flag": 3, "change_message": ""}}, {"model": "admin.logentry", "pk": 119, "fields": {"action_time": "2019-01-02T12:07:36.963", "user": 1, "content_type": 8, "object_id": "22", "object_repr": "<Blog: for 13>", "action_flag": 3, "change_message": ""}}, {"model": "admin.logentry", "pk": 120, "fields": {"action_time": "2019-01-02T12:07:37.010", "user": 1, "content_type": 8, "object_id": "21", "object_repr": "<Blog: for 12>", "action_flag": 3, "change_message": ""}}, {"model": "admin.logentry", "pk": 121, "fields": {"action_time": "2019-01-02T12:07:37.060", "user": 1, "content_type": 8, "object_id": "20", "object_repr": "<Blog: for 11>", "action_flag": 3, "change_message": ""}}, {"model": "admin.logentry", "pk": 122, "fields": {"action_time": "2019-01-02T12:07:37.104", "user": 1, "content_type": 8, "object_id": "19", "object_repr": "<Blog: for 10>", "action_flag": 3, "change_message": ""}}, {"model": "admin.logentry", "pk": 123, "fields": {"action_time": "2019-01-02T12:07:37.146", "user": 1, "content_type": 8, "object_id": "18", "object_repr": "<Blog: for 9>", "action_flag": 3, "change_message": ""}}, {"model": "admin.logentry", "pk": 124, "fields": {"action_time": "2019-01-02T12:07:37.187", "user": 1, "content_type": 8, "object_id": "17", "object_repr": "<Blog: for 8>", "action_flag": 3, "change_message": ""}}, {"model": "admin.logentry", "pk": 125, "fields": {"action_time": "2019-01-02T12:07:37.235", "user": 1, "content_type": 8, "object_id": "16", "object_repr": "<Blog: for 7>", "action_flag": 3, "change_message": ""}}, {"model": "admin.logentry", "pk": 126, "fields": {"action_time": "2019-01-02T12:07:37.269", "user": 1, "content_type": 8, "object_id": "15", "object_repr": "<Blog: for 6>", "action_flag": 3, "change_message": ""}}, {"model": "admin.logentry", "pk": 127, "fields": {"action_time": "2019-01-02T12:07:37.360", "user": 1, "content_type": 8, "object_id": "14", "object_repr": "<Blog: for 5>", "action_flag": 3, "change_message": ""}}, {"model": "admin.logentry", "pk": 128, "fields": {"action_time": "2019-01-02T12:07:37.445", "user": 1, "content_type": 8, "object_id": "13", "object_repr": "<Blog: for 4>", "action_flag": 3, "change_message": ""}}, {"model": "admin.logentry", "pk": 129, "fields": {"action_time": "2019-01-02T12:07:37.525", "user": 1, "content_type": 8, "object_id": "12", "object_repr": "<Blog: for 3>", "action_flag": 3, "change_message": ""}}, {"model": "admin.logentry", "pk": 130, "fields": {"action_time": "2019-01-02T12:07:37.621", "user": 1, "content_type": 8, "object_id": "11", "object_repr": "<Blog: for 2>", "action_flag": 3, "change_message": ""}}, {"model": "admin.logentry", "pk": 131, "fields": {"action_time": "2019-01-02T12:07:37.668", "user": 1, "content_type": 8, "object_id": "10", "object_repr": "<Blog: for 1>", "action_flag": 3, "change_message": ""}}, {"model": "admin.logentry", "pk": 132, "fields": {"action_time": "2019-01-02T12:07:37.727", "user": 1, "content_type": 8, "object_id": "9", "object_repr": "<Blog: for 49>", "action_flag": 3, "change_message": ""}}, {"model": "admin.logentry", "pk": 133, "fields": {"action_time": "2019-01-02T12:07:37.777", "user": 1, "content_type": 8, "object_id": "8", "object_repr": "<Blog: shell\u4e0b\u7b2c\u4e00\u7bc7>", "action_flag": 3, "change_message": ""}}, {"model": "admin.logentry", "pk": 134, "fields": {"action_time": "2019-01-02T12:07:37.838", "user": 1, "content_type": 8, "object_id": "7", "object_repr": "<Blog: D\u6848\u4ef6\u6848\u5171>", "action_flag": 3, "change_message": ""}}, {"model": "admin.logentry", "pk": 135, "fields": {"action_time": "2019-01-02T12:07:37.885", "user": 1, "content_type": 8, "object_id": "6", "object_repr": "<Blog: D\u6848\u4ef6\u6848\u5171>", "action_flag": 3, "change_message": ""}}, {"model": "admin.logentry", "pk": 136, "fields": {"action_time": "2019-01-02T12:07:37.946", "user": 1, "content_type": 8, "object_id": "5", "object_repr": "<Blog: \u968f\u7b143>", "action_flag": 3, "change_message": ""}}, {"model": "admin.logentry", "pk": 137, "fields": {"action_time": "2019-01-02T12:07:37.994", "user": 1, "content_type": 8, "object_id": "4", "object_repr": "<Blog: \u968f\u7b14>", "action_flag": 3, "change_message": ""}}, {"model": "admin.logentry", "pk": 138, "fields": {"action_time": "2019-01-02T20:24:48.238", "user": 1, "content_type": 8, "object_id": "60", "object_repr": "<Blog: \u6d4b\u8bd5\u65f6\u95f4>", "action_flag": 1, "change_message": "[{\"added\": {}}]"}}, {"model": "admin.logentry", "pk": 139, "fields": {"action_time": "2019-01-08T20:09:22.492", "user": 1, "content_type": 18, "object_id": "1", "object_repr": "Github", "action_flag": 1, "change_message": "[{\"added\": {}}]"}}]